day_offset,cum_returners,audience_id,event_name
1,15,277061,House of Puff - Giveaway (not on calendar)
2,32,277061,House of Puff - Giveaway (not on calendar)
3,42,277061,House of Puff - Giveaway (not on calendar)
4,45,277061,House of Puff - Giveaway (not on calendar)
5,47,277061,House of Puff - Giveaway (not on calendar)
6,48,277061,House of Puff - Giveaway (not on calendar)
7,58,277061,House of Puff - Giveaway (not on calendar)
8,62,277061,House of Puff - Giveaway (not on calendar)
9,63,277061,House of Puff - Giveaway (not on calendar)
10,67,277061,House of Puff - Giveaway (not on calendar)
11,69,277061,House of Puff - Giveaway (not on calendar)
12,71,277061,House of Puff - Giveaway (not on calendar)
13,72,277061,House of Puff - Giveaway (not on calendar)
14,75,277061,House of Puff - Giveaway (not on calendar)
15,77,277061,House of Puff - Giveaway (not on calendar)
16,77,277061,House of Puff - Giveaway (not on calendar)
17,80,277061,House of Puff - Giveaway (not on calendar)
18,83,277061,House of Puff - Giveaway (not on calendar)
19,84,277061,House of Puff - Giveaway (not on calendar)
20,85,277061,House of Puff - Giveaway (not on calendar)
21,88,277061,House of Puff - Giveaway (not on calendar)
22,90,277061,House of Puff - Giveaway (not on calendar)
23,91,277061,House of Puff - Giveaway (not on calendar)
24,91,277061,House of Puff - Giveaway (not on calendar)
25,91,277061,House of Puff - Giveaway (not on calendar)
26,92,277061,House of Puff - Giveaway (not on calendar)
27,94,277061,House of Puff - Giveaway (not on calendar)
28,94,277061,House of Puff - Giveaway (not on calendar)
29,96,277061,House of Puff - Giveaway (not on calendar)
30,97,277061,House of Puff - Giveaway (not on calendar)
31,97,277061,House of Puff - Giveaway (not on calendar)
32,98,277061,House of Puff - Giveaway (not on calendar)
33,100,277061,House of Puff - Giveaway (not on calendar)
34,101,277061,House of Puff - Giveaway (not on calendar)
35,105,277061,House of Puff - Giveaway (not on calendar)
36,105,277061,House of Puff - Giveaway (not on calendar)
37,105,277061,House of Puff - Giveaway (not on calendar)
38,105,277061,House of Puff - Giveaway (not on calendar)
39,106,277061,House of Puff - Giveaway (not on calendar)
40,108,277061,House of Puff - Giveaway (not on calendar)
41,108,277061,House of Puff - Giveaway (not on calendar)
42,108,277061,House of Puff - Giveaway (not on calendar)
43,108,277061,House of Puff - Giveaway (not on calendar)
44,108,277061,House of Puff - Giveaway (not on calendar)
45,111,277061,House of Puff - Giveaway (not on calendar)
46,113,277061,House of Puff - Giveaway (not on calendar)
47,114,277061,House of Puff - Giveaway (not on calendar)
48,114,277061,House of Puff - Giveaway (not on calendar)
49,117,277061,House of Puff - Giveaway (not on calendar)
50,118,277061,House of Puff - Giveaway (not on calendar)
51,118,277061,House of Puff - Giveaway (not on calendar)
52,118,277061,House of Puff - Giveaway (not on calendar)
53,118,277061,House of Puff - Giveaway (not on calendar)
54,118,277061,House of Puff - Giveaway (not on calendar)
55,118,277061,House of Puff - Giveaway (not on calendar)
56,119,277061,House of Puff - Giveaway (not on calendar)
57,120,277061,House of Puff - Giveaway (not on calendar)
58,120,277061,House of Puff - Giveaway (not on calendar)
59,120,277061,House of Puff - Giveaway (not on calendar)
60,121,277061,House of Puff - Giveaway (not on calendar)
61,121,277061,House of Puff - Giveaway (not on calendar)
62,121,277061,House of Puff - Giveaway (not on calendar)
63,121,277061,House of Puff - Giveaway (not on calendar)
64,121,277061,House of Puff - Giveaway (not on calendar)
65,121,277061,House of Puff - Giveaway (not on calendar)
66,121,277061,House of Puff - Giveaway (not on calendar)
67,121,277061,House of Puff - Giveaway (not on calendar)
68,121,277061,House of Puff - Giveaway (not on calendar)
69,121,277061,House of Puff - Giveaway (not on calendar)
70,121,277061,House of Puff - Giveaway (not on calendar)
71,121,277061,House of Puff - Giveaway (not on calendar)
72,121,277061,House of Puff - Giveaway (not on calendar)
73,121,277061,House of Puff - Giveaway (not on calendar)
74,121,277061,House of Puff - Giveaway (not on calendar)
75,121,277061,House of Puff - Giveaway (not on calendar)
76,121,277061,House of Puff - Giveaway (not on calendar)
77,121,277061,House of Puff - Giveaway (not on calendar)
78,122,277061,House of Puff - Giveaway (not on calendar)
79,122,277061,House of Puff - Giveaway (not on calendar)
80,122,277061,House of Puff - Giveaway (not on calendar)
81,122,277061,House of Puff - Giveaway (not on calendar)
82,122,277061,House of Puff - Giveaway (not on calendar)
83,122,277061,House of Puff - Giveaway (not on calendar)
84,122,277061,House of Puff - Giveaway (not on calendar)
85,122,277061,House of Puff - Giveaway (not on calendar)
86,122,277061,House of Puff - Giveaway (not on calendar)
87,122,277061,House of Puff - Giveaway (not on calendar)
88,122,277061,House of Puff - Giveaway (not on calendar)
89,122,277061,House of Puff - Giveaway (not on calendar)
90,122,277061,House of Puff - Giveaway (not on calendar)
1,0,292571,Back to Cool x Cloud Bar USQ
2,0,292571,Back to Cool x Cloud Bar USQ
3,0,292571,Back to Cool x Cloud Bar USQ
4,2,292571,Back to Cool x Cloud Bar USQ
5,2,292571,Back to Cool x Cloud Bar USQ
6,2,292571,Back to Cool x Cloud Bar USQ
7,2,292571,Back to Cool x Cloud Bar USQ
8,4,292571,Back to Cool x Cloud Bar USQ
9,4,292571,Back to Cool x Cloud Bar USQ
10,4,292571,Back to Cool x Cloud Bar USQ
11,4,292571,Back to Cool x Cloud Bar USQ
12,6,292571,Back to Cool x Cloud Bar USQ
13,6,292571,Back to Cool x Cloud Bar USQ
14,6,292571,Back to Cool x Cloud Bar USQ
15,6,292571,Back to Cool x Cloud Bar USQ
16,6,292571,Back to Cool x Cloud Bar USQ
17,6,292571,Back to Cool x Cloud Bar USQ
18,6,292571,Back to Cool x Cloud Bar USQ
19,6,292571,Back to Cool x Cloud Bar USQ
20,6,292571,Back to Cool x Cloud Bar USQ
21,6,292571,Back to Cool x Cloud Bar USQ
22,6,292571,Back to Cool x Cloud Bar USQ
23,6,292571,Back to Cool x Cloud Bar USQ
24,6,292571,Back to Cool x Cloud Bar USQ
25,7,292571,Back to Cool x Cloud Bar USQ
26,7,292571,Back to Cool x Cloud Bar USQ
27,7,292571,Back to Cool x Cloud Bar USQ
28,7,292571,Back to Cool x Cloud Bar USQ
29,8,292571,Back to Cool x Cloud Bar USQ
30,8,292571,Back to Cool x Cloud Bar USQ
31,8,292571,Back to Cool x Cloud Bar USQ
32,8,292571,Back to Cool x Cloud Bar USQ
33,8,292571,Back to Cool x Cloud Bar USQ
34,8,292571,Back to Cool x Cloud Bar USQ
35,8,292571,Back to Cool x Cloud Bar USQ
36,8,292571,Back to Cool x Cloud Bar USQ
37,8,292571,Back to Cool x Cloud Bar USQ
38,8,292571,Back to Cool x Cloud Bar USQ
39,8,292571,Back to Cool x Cloud Bar USQ
40,9,292571,Back to Cool x Cloud Bar USQ
41,9,292571,Back to Cool x Cloud Bar USQ
42,9,292571,Back to Cool x Cloud Bar USQ
43,10,292571,Back to Cool x Cloud Bar USQ
44,10,292571,Back to Cool x Cloud Bar USQ
45,11,292571,Back to Cool x Cloud Bar USQ
46,11,292571,Back to Cool x Cloud Bar USQ
47,11,292571,Back to Cool x Cloud Bar USQ
48,11,292571,Back to Cool x Cloud Bar USQ
49,11,292571,Back to Cool x Cloud Bar USQ
50,11,292571,Back to Cool x Cloud Bar USQ
51,11,292571,Back to Cool x Cloud Bar USQ
52,11,292571,Back to Cool x Cloud Bar USQ
53,11,292571,Back to Cool x Cloud Bar USQ
54,11,292571,Back to Cool x Cloud Bar USQ
55,11,292571,Back to Cool x Cloud Bar USQ
56,11,292571,Back to Cool x Cloud Bar USQ
57,12,292571,Back to Cool x Cloud Bar USQ
58,12,292571,Back to Cool x Cloud Bar USQ
59,12,292571,Back to Cool x Cloud Bar USQ
60,12,292571,Back to Cool x Cloud Bar USQ
61,12,292571,Back to Cool x Cloud Bar USQ
62,12,292571,Back to Cool x Cloud Bar USQ
63,13,292571,Back to Cool x Cloud Bar USQ
64,13,292571,Back to Cool x Cloud Bar USQ
65,13,292571,Back to Cool x Cloud Bar USQ
66,13,292571,Back to Cool x Cloud Bar USQ
67,13,292571,Back to Cool x Cloud Bar USQ
68,13,292571,Back to Cool x Cloud Bar USQ
69,13,292571,Back to Cool x Cloud Bar USQ
70,13,292571,Back to Cool x Cloud Bar USQ
71,13,292571,Back to Cool x Cloud Bar USQ
72,13,292571,Back to Cool x Cloud Bar USQ
73,13,292571,Back to Cool x Cloud Bar USQ
74,13,292571,Back to Cool x Cloud Bar USQ
75,13,292571,Back to Cool x Cloud Bar USQ
76,13,292571,Back to Cool x Cloud Bar USQ
77,13,292571,Back to Cool x Cloud Bar USQ
78,13,292571,Back to Cool x Cloud Bar USQ
79,13,292571,Back to Cool x Cloud Bar USQ
80,13,292571,Back to Cool x Cloud Bar USQ
81,13,292571,Back to Cool x Cloud Bar USQ
82,13,292571,Back to Cool x Cloud Bar USQ
83,13,292571,Back to Cool x Cloud Bar USQ
84,13,292571,Back to Cool x Cloud Bar USQ
85,13,292571,Back to Cool x Cloud Bar USQ
86,13,292571,Back to Cool x Cloud Bar USQ
87,13,292571,Back to Cool x Cloud Bar USQ
88,13,292571,Back to Cool x Cloud Bar USQ
89,13,292571,Back to Cool x Cloud Bar USQ
90,13,292571,Back to Cool x Cloud Bar USQ
1,10,293013,Planet Brooklyn 2-day Music Festival
2,11,293013,Planet Brooklyn 2-day Music Festival
3,11,293013,Planet Brooklyn 2-day Music Festival
4,11,293013,Planet Brooklyn 2-day Music Festival
5,11,293013,Planet Brooklyn 2-day Music Festival
6,12,293013,Planet Brooklyn 2-day Music Festival
7,13,293013,Planet Brooklyn 2-day Music Festival
8,13,293013,Planet Brooklyn 2-day Music Festival
9,14,293013,Planet Brooklyn 2-day Music Festival
10,14,293013,Planet Brooklyn 2-day Music Festival
11,15,293013,Planet Brooklyn 2-day Music Festival
12,15,293013,Planet Brooklyn 2-day Music Festival
13,16,293013,Planet Brooklyn 2-day Music Festival
14,16,293013,Planet Brooklyn 2-day Music Festival
15,16,293013,Planet Brooklyn 2-day Music Festival
16,16,293013,Planet Brooklyn 2-day Music Festival
17,16,293013,Planet Brooklyn 2-day Music Festival
18,16,293013,Planet Brooklyn 2-day Music Festival
19,16,293013,Planet Brooklyn 2-day Music Festival
20,16,293013,Planet Brooklyn 2-day Music Festival
21,16,293013,Planet Brooklyn 2-day Music Festival
22,16,293013,Planet Brooklyn 2-day Music Festival
23,16,293013,Planet Brooklyn 2-day Music Festival
24,16,293013,Planet Brooklyn 2-day Music Festival
25,17,293013,Planet Brooklyn 2-day Music Festival
26,17,293013,Planet Brooklyn 2-day Music Festival
27,17,293013,Planet Brooklyn 2-day Music Festival
28,17,293013,Planet Brooklyn 2-day Music Festival
29,17,293013,Planet Brooklyn 2-day Music Festival
30,17,293013,Planet Brooklyn 2-day Music Festival
31,17,293013,Planet Brooklyn 2-day Music Festival
32,17,293013,Planet Brooklyn 2-day Music Festival
33,18,293013,Planet Brooklyn 2-day Music Festival
34,18,293013,Planet Brooklyn 2-day Music Festival
35,19,293013,Planet Brooklyn 2-day Music Festival
36,19,293013,Planet Brooklyn 2-day Music Festival
37,19,293013,Planet Brooklyn 2-day Music Festival
38,19,293013,Planet Brooklyn 2-day Music Festival
39,19,293013,Planet Brooklyn 2-day Music Festival
40,19,293013,Planet Brooklyn 2-day Music Festival
41,19,293013,Planet Brooklyn 2-day Music Festival
42,19,293013,Planet Brooklyn 2-day Music Festival
43,19,293013,Planet Brooklyn 2-day Music Festival
44,19,293013,Planet Brooklyn 2-day Music Festival
45,19,293013,Planet Brooklyn 2-day Music Festival
46,19,293013,Planet Brooklyn 2-day Music Festival
47,19,293013,Planet Brooklyn 2-day Music Festival
48,19,293013,Planet Brooklyn 2-day Music Festival
49,20,293013,Planet Brooklyn 2-day Music Festival
50,20,293013,Planet Brooklyn 2-day Music Festival
51,21,293013,Planet Brooklyn 2-day Music Festival
52,21,293013,Planet Brooklyn 2-day Music Festival
53,21,293013,Planet Brooklyn 2-day Music Festival
54,21,293013,Planet Brooklyn 2-day Music Festival
55,21,293013,Planet Brooklyn 2-day Music Festival
56,21,293013,Planet Brooklyn 2-day Music Festival
57,21,293013,Planet Brooklyn 2-day Music Festival
58,22,293013,Planet Brooklyn 2-day Music Festival
59,22,293013,Planet Brooklyn 2-day Music Festival
60,22,293013,Planet Brooklyn 2-day Music Festival
61,22,293013,Planet Brooklyn 2-day Music Festival
62,22,293013,Planet Brooklyn 2-day Music Festival
63,22,293013,Planet Brooklyn 2-day Music Festival
64,22,293013,Planet Brooklyn 2-day Music Festival
65,22,293013,Planet Brooklyn 2-day Music Festival
66,22,293013,Planet Brooklyn 2-day Music Festival
67,22,293013,Planet Brooklyn 2-day Music Festival
68,23,293013,Planet Brooklyn 2-day Music Festival
69,23,293013,Planet Brooklyn 2-day Music Festival
70,23,293013,Planet Brooklyn 2-day Music Festival
71,24,293013,Planet Brooklyn 2-day Music Festival
72,25,293013,Planet Brooklyn 2-day Music Festival
73,25,293013,Planet Brooklyn 2-day Music Festival
74,25,293013,Planet Brooklyn 2-day Music Festival
75,25,293013,Planet Brooklyn 2-day Music Festival
76,25,293013,Planet Brooklyn 2-day Music Festival
77,25,293013,Planet Brooklyn 2-day Music Festival
78,25,293013,Planet Brooklyn 2-day Music Festival
79,25,293013,Planet Brooklyn 2-day Music Festival
80,26,293013,Planet Brooklyn 2-day Music Festival
81,26,293013,Planet Brooklyn 2-day Music Festival
82,26,293013,Planet Brooklyn 2-day Music Festival
83,26,293013,Planet Brooklyn 2-day Music Festival
84,27,293013,Planet Brooklyn 2-day Music Festival
85,27,293013,Planet Brooklyn 2-day Music Festival
86,27,293013,Planet Brooklyn 2-day Music Festival
87,27,293013,Planet Brooklyn 2-day Music Festival
88,27,293013,Planet Brooklyn 2-day Music Festival
89,27,293013,Planet Brooklyn 2-day Music Festival
90,27,293013,Planet Brooklyn 2-day Music Festival
1,0,294147,One Year Re-Opening Anniversary Party UCB
2,0,294147,One Year Re-Opening Anniversary Party UCB
3,0,294147,One Year Re-Opening Anniversary Party UCB
4,0,294147,One Year Re-Opening Anniversary Party UCB
5,0,294147,One Year Re-Opening Anniversary Party UCB
6,0,294147,One Year Re-Opening Anniversary Party UCB
7,0,294147,One Year Re-Opening Anniversary Party UCB
8,0,294147,One Year Re-Opening Anniversary Party UCB
9,0,294147,One Year Re-Opening Anniversary Party UCB
10,1,294147,One Year Re-Opening Anniversary Party UCB
11,1,294147,One Year Re-Opening Anniversary Party UCB
12,1,294147,One Year Re-Opening Anniversary Party UCB
13,1,294147,One Year Re-Opening Anniversary Party UCB
14,1,294147,One Year Re-Opening Anniversary Party UCB
15,1,294147,One Year Re-Opening Anniversary Party UCB
16,1,294147,One Year Re-Opening Anniversary Party UCB
17,1,294147,One Year Re-Opening Anniversary Party UCB
18,1,294147,One Year Re-Opening Anniversary Party UCB
19,1,294147,One Year Re-Opening Anniversary Party UCB
20,1,294147,One Year Re-Opening Anniversary Party UCB
21,1,294147,One Year Re-Opening Anniversary Party UCB
22,1,294147,One Year Re-Opening Anniversary Party UCB
23,1,294147,One Year Re-Opening Anniversary Party UCB
24,1,294147,One Year Re-Opening Anniversary Party UCB
25,2,294147,One Year Re-Opening Anniversary Party UCB
26,2,294147,One Year Re-Opening Anniversary Party UCB
27,2,294147,One Year Re-Opening Anniversary Party UCB
28,2,294147,One Year Re-Opening Anniversary Party UCB
29,2,294147,One Year Re-Opening Anniversary Party UCB
30,2,294147,One Year Re-Opening Anniversary Party UCB
31,2,294147,One Year Re-Opening Anniversary Party UCB
32,2,294147,One Year Re-Opening Anniversary Party UCB
33,2,294147,One Year Re-Opening Anniversary Party UCB
34,2,294147,One Year Re-Opening Anniversary Party UCB
35,2,294147,One Year Re-Opening Anniversary Party UCB
36,3,294147,One Year Re-Opening Anniversary Party UCB
37,3,294147,One Year Re-Opening Anniversary Party UCB
38,3,294147,One Year Re-Opening Anniversary Party UCB
39,4,294147,One Year Re-Opening Anniversary Party UCB
40,4,294147,One Year Re-Opening Anniversary Party UCB
41,4,294147,One Year Re-Opening Anniversary Party UCB
42,4,294147,One Year Re-Opening Anniversary Party UCB
43,4,294147,One Year Re-Opening Anniversary Party UCB
44,4,294147,One Year Re-Opening Anniversary Party UCB
45,4,294147,One Year Re-Opening Anniversary Party UCB
46,4,294147,One Year Re-Opening Anniversary Party UCB
47,4,294147,One Year Re-Opening Anniversary Party UCB
48,4,294147,One Year Re-Opening Anniversary Party UCB
49,4,294147,One Year Re-Opening Anniversary Party UCB
50,4,294147,One Year Re-Opening Anniversary Party UCB
51,4,294147,One Year Re-Opening Anniversary Party UCB
52,4,294147,One Year Re-Opening Anniversary Party UCB
53,4,294147,One Year Re-Opening Anniversary Party UCB
54,4,294147,One Year Re-Opening Anniversary Party UCB
55,4,294147,One Year Re-Opening Anniversary Party UCB
56,4,294147,One Year Re-Opening Anniversary Party UCB
57,4,294147,One Year Re-Opening Anniversary Party UCB
58,4,294147,One Year Re-Opening Anniversary Party UCB
59,4,294147,One Year Re-Opening Anniversary Party UCB
60,4,294147,One Year Re-Opening Anniversary Party UCB
61,5,294147,One Year Re-Opening Anniversary Party UCB
62,5,294147,One Year Re-Opening Anniversary Party UCB
63,5,294147,One Year Re-Opening Anniversary Party UCB
64,5,294147,One Year Re-Opening Anniversary Party UCB
65,5,294147,One Year Re-Opening Anniversary Party UCB
66,5,294147,One Year Re-Opening Anniversary Party UCB
67,5,294147,One Year Re-Opening Anniversary Party UCB
68,5,294147,One Year Re-Opening Anniversary Party UCB
69,5,294147,One Year Re-Opening Anniversary Party UCB
70,5,294147,One Year Re-Opening Anniversary Party UCB
71,5,294147,One Year Re-Opening Anniversary Party UCB
72,5,294147,One Year Re-Opening Anniversary Party UCB
73,5,294147,One Year Re-Opening Anniversary Party UCB
74,5,294147,One Year Re-Opening Anniversary Party UCB
75,5,294147,One Year Re-Opening Anniversary Party UCB
76,5,294147,One Year Re-Opening Anniversary Party UCB
77,5,294147,One Year Re-Opening Anniversary Party UCB
78,5,294147,One Year Re-Opening Anniversary Party UCB
79,5,294147,One Year Re-Opening Anniversary Party UCB
80,5,294147,One Year Re-Opening Anniversary Party UCB
81,5,294147,One Year Re-Opening Anniversary Party UCB
82,5,294147,One Year Re-Opening Anniversary Party UCB
83,5,294147,One Year Re-Opening Anniversary Party UCB
84,5,294147,One Year Re-Opening Anniversary Party UCB
85,5,294147,One Year Re-Opening Anniversary Party UCB
86,6,294147,One Year Re-Opening Anniversary Party UCB
87,6,294147,One Year Re-Opening Anniversary Party UCB
88,6,294147,One Year Re-Opening Anniversary Party UCB
89,6,294147,One Year Re-Opening Anniversary Party UCB
90,6,294147,One Year Re-Opening Anniversary Party UCB
1,7,296559,All Things Go Festival Day #1
2,9,296559,All Things Go Festival Day #1
3,13,296559,All Things Go Festival Day #1
4,15,296559,All Things Go Festival Day #1
5,19,296559,All Things Go Festival Day #1
6,25,296559,All Things Go Festival Day #1
7,29,296559,All Things Go Festival Day #1
8,32,296559,All Things Go Festival Day #1
9,33,296559,All Things Go Festival Day #1
10,35,296559,All Things Go Festival Day #1
11,35,296559,All Things Go Festival Day #1
12,36,296559,All Things Go Festival Day #1
13,39,296559,All Things Go Festival Day #1
14,40,296559,All Things Go Festival Day #1
15,41,296559,All Things Go Festival Day #1
16,41,296559,All Things Go Festival Day #1
17,43,296559,All Things Go Festival Day #1
18,43,296559,All Things Go Festival Day #1
19,45,296559,All Things Go Festival Day #1
20,46,296559,All Things Go Festival Day #1
21,47,296559,All Things Go Festival Day #1
22,48,296559,All Things Go Festival Day #1
23,48,296559,All Things Go Festival Day #1
24,49,296559,All Things Go Festival Day #1
25,51,296559,All Things Go Festival Day #1
26,52,296559,All Things Go Festival Day #1
27,53,296559,All Things Go Festival Day #1
28,55,296559,All Things Go Festival Day #1
29,56,296559,All Things Go Festival Day #1
30,57,296559,All Things Go Festival Day #1
31,60,296559,All Things Go Festival Day #1
32,62,296559,All Things Go Festival Day #1
33,63,296559,All Things Go Festival Day #1
34,65,296559,All Things Go Festival Day #1
35,65,296559,All Things Go Festival Day #1
36,67,296559,All Things Go Festival Day #1
37,69,296559,All Things Go Festival Day #1
38,70,296559,All Things Go Festival Day #1
39,72,296559,All Things Go Festival Day #1
40,73,296559,All Things Go Festival Day #1
41,76,296559,All Things Go Festival Day #1
42,79,296559,All Things Go Festival Day #1
43,79,296559,All Things Go Festival Day #1
44,80,296559,All Things Go Festival Day #1
45,80,296559,All Things Go Festival Day #1
46,81,296559,All Things Go Festival Day #1
47,83,296559,All Things Go Festival Day #1
48,84,296559,All Things Go Festival Day #1
49,87,296559,All Things Go Festival Day #1
50,88,296559,All Things Go Festival Day #1
51,89,296559,All Things Go Festival Day #1
52,89,296559,All Things Go Festival Day #1
53,90,296559,All Things Go Festival Day #1
54,90,296559,All Things Go Festival Day #1
55,90,296559,All Things Go Festival Day #1
56,91,296559,All Things Go Festival Day #1
57,92,296559,All Things Go Festival Day #1
58,95,296559,All Things Go Festival Day #1
59,97,296559,All Things Go Festival Day #1
60,97,296559,All Things Go Festival Day #1
61,98,296559,All Things Go Festival Day #1
62,98,296559,All Things Go Festival Day #1
63,99,296559,All Things Go Festival Day #1
64,100,296559,All Things Go Festival Day #1
65,101,296559,All Things Go Festival Day #1
66,102,296559,All Things Go Festival Day #1
67,102,296559,All Things Go Festival Day #1
68,102,296559,All Things Go Festival Day #1
69,103,296559,All Things Go Festival Day #1
70,104,296559,All Things Go Festival Day #1
71,105,296559,All Things Go Festival Day #1
72,105,296559,All Things Go Festival Day #1
73,107,296559,All Things Go Festival Day #1
74,107,296559,All Things Go Festival Day #1
75,107,296559,All Things Go Festival Day #1
76,107,296559,All Things Go Festival Day #1
77,108,296559,All Things Go Festival Day #1
78,109,296559,All Things Go Festival Day #1
79,109,296559,All Things Go Festival Day #1
80,109,296559,All Things Go Festival Day #1
81,112,296559,All Things Go Festival Day #1
82,114,296559,All Things Go Festival Day #1
83,116,296559,All Things Go Festival Day #1
84,116,296559,All Things Go Festival Day #1
85,117,296559,All Things Go Festival Day #1
86,117,296559,All Things Go Festival Day #1
87,117,296559,All Things Go Festival Day #1
88,117,296559,All Things Go Festival Day #1
89,117,296559,All Things Go Festival Day #1
90,117,296559,All Things Go Festival Day #1
1,3,305960,Witchcraft In-Store: Ithaca Organics
2,3,305960,Witchcraft In-Store: Ithaca Organics
3,3,305960,Witchcraft In-Store: Ithaca Organics
4,3,305960,Witchcraft In-Store: Ithaca Organics
5,3,305960,Witchcraft In-Store: Ithaca Organics
6,3,305960,Witchcraft In-Store: Ithaca Organics
7,4,305960,Witchcraft In-Store: Ithaca Organics
8,5,305960,Witchcraft In-Store: Ithaca Organics
9,5,305960,Witchcraft In-Store: Ithaca Organics
10,5,305960,Witchcraft In-Store: Ithaca Organics
11,5,305960,Witchcraft In-Store: Ithaca Organics
12,5,305960,Witchcraft In-Store: Ithaca Organics
13,5,305960,Witchcraft In-Store: Ithaca Organics
14,5,305960,Witchcraft In-Store: Ithaca Organics
15,5,305960,Witchcraft In-Store: Ithaca Organics
16,5,305960,Witchcraft In-Store: Ithaca Organics
17,5,305960,Witchcraft In-Store: Ithaca Organics
18,5,305960,Witchcraft In-Store: Ithaca Organics
19,5,305960,Witchcraft In-Store: Ithaca Organics
20,5,305960,Witchcraft In-Store: Ithaca Organics
21,6,305960,Witchcraft In-Store: Ithaca Organics
22,6,305960,Witchcraft In-Store: Ithaca Organics
23,6,305960,Witchcraft In-Store: Ithaca Organics
24,6,305960,Witchcraft In-Store: Ithaca Organics
25,6,305960,Witchcraft In-Store: Ithaca Organics
26,6,305960,Witchcraft In-Store: Ithaca Organics
27,6,305960,Witchcraft In-Store: Ithaca Organics
28,6,305960,Witchcraft In-Store: Ithaca Organics
29,6,305960,Witchcraft In-Store: Ithaca Organics
30,6,305960,Witchcraft In-Store: Ithaca Organics
31,6,305960,Witchcraft In-Store: Ithaca Organics
32,6,305960,Witchcraft In-Store: Ithaca Organics
33,6,305960,Witchcraft In-Store: Ithaca Organics
34,6,305960,Witchcraft In-Store: Ithaca Organics
35,7,305960,Witchcraft In-Store: Ithaca Organics
36,7,305960,Witchcraft In-Store: Ithaca Organics
37,7,305960,Witchcraft In-Store: Ithaca Organics
38,7,305960,Witchcraft In-Store: Ithaca Organics
39,7,305960,Witchcraft In-Store: Ithaca Organics
40,7,305960,Witchcraft In-Store: Ithaca Organics
41,7,305960,Witchcraft In-Store: Ithaca Organics
42,8,305960,Witchcraft In-Store: Ithaca Organics
43,8,305960,Witchcraft In-Store: Ithaca Organics
44,8,305960,Witchcraft In-Store: Ithaca Organics
45,8,305960,Witchcraft In-Store: Ithaca Organics
46,8,305960,Witchcraft In-Store: Ithaca Organics
47,8,305960,Witchcraft In-Store: Ithaca Organics
48,8,305960,Witchcraft In-Store: Ithaca Organics
49,8,305960,Witchcraft In-Store: Ithaca Organics
50,8,305960,Witchcraft In-Store: Ithaca Organics
51,8,305960,Witchcraft In-Store: Ithaca Organics
52,8,305960,Witchcraft In-Store: Ithaca Organics
53,8,305960,Witchcraft In-Store: Ithaca Organics
54,8,305960,Witchcraft In-Store: Ithaca Organics
55,8,305960,Witchcraft In-Store: Ithaca Organics
56,8,305960,Witchcraft In-Store: Ithaca Organics
57,8,305960,Witchcraft In-Store: Ithaca Organics
58,8,305960,Witchcraft In-Store: Ithaca Organics
59,8,305960,Witchcraft In-Store: Ithaca Organics
60,8,305960,Witchcraft In-Store: Ithaca Organics
61,8,305960,Witchcraft In-Store: Ithaca Organics
62,8,305960,Witchcraft In-Store: Ithaca Organics
63,8,305960,Witchcraft In-Store: Ithaca Organics
64,8,305960,Witchcraft In-Store: Ithaca Organics
65,8,305960,Witchcraft In-Store: Ithaca Organics
66,8,305960,Witchcraft In-Store: Ithaca Organics
67,8,305960,Witchcraft In-Store: Ithaca Organics
68,8,305960,Witchcraft In-Store: Ithaca Organics
69,8,305960,Witchcraft In-Store: Ithaca Organics
70,8,305960,Witchcraft In-Store: Ithaca Organics
71,8,305960,Witchcraft In-Store: Ithaca Organics
72,8,305960,Witchcraft In-Store: Ithaca Organics
73,8,305960,Witchcraft In-Store: Ithaca Organics
74,8,305960,Witchcraft In-Store: Ithaca Organics
75,8,305960,Witchcraft In-Store: Ithaca Organics
76,8,305960,Witchcraft In-Store: Ithaca Organics
77,8,305960,Witchcraft In-Store: Ithaca Organics
78,8,305960,Witchcraft In-Store: Ithaca Organics
79,8,305960,Witchcraft In-Store: Ithaca Organics
80,8,305960,Witchcraft In-Store: Ithaca Organics
81,8,305960,Witchcraft In-Store: Ithaca Organics
82,8,305960,Witchcraft In-Store: Ithaca Organics
83,8,305960,Witchcraft In-Store: Ithaca Organics
84,8,305960,Witchcraft In-Store: Ithaca Organics
85,8,305960,Witchcraft In-Store: Ithaca Organics
86,8,305960,Witchcraft In-Store: Ithaca Organics
87,8,305960,Witchcraft In-Store: Ithaca Organics
88,8,305960,Witchcraft In-Store: Ithaca Organics
89,8,305960,Witchcraft In-Store: Ithaca Organics
90,8,305960,Witchcraft In-Store: Ithaca Organics
1,0,305961,Witchcraft In-Store: Umamii
2,1,305961,Witchcraft In-Store: Umamii
3,1,305961,Witchcraft In-Store: Umamii
4,2,305961,Witchcraft In-Store: Umamii
5,2,305961,Witchcraft In-Store: Umamii
6,2,305961,Witchcraft In-Store: Umamii
7,2,305961,Witchcraft In-Store: Umamii
8,2,305961,Witchcraft In-Store: Umamii
9,2,305961,Witchcraft In-Store: Umamii
10,3,305961,Witchcraft In-Store: Umamii
11,3,305961,Witchcraft In-Store: Umamii
12,3,305961,Witchcraft In-Store: Umamii
13,3,305961,Witchcraft In-Store: Umamii
14,4,305961,Witchcraft In-Store: Umamii
15,4,305961,Witchcraft In-Store: Umamii
16,4,305961,Witchcraft In-Store: Umamii
17,4,305961,Witchcraft In-Store: Umamii
18,4,305961,Witchcraft In-Store: Umamii
19,4,305961,Witchcraft In-Store: Umamii
20,4,305961,Witchcraft In-Store: Umamii
21,4,305961,Witchcraft In-Store: Umamii
22,4,305961,Witchcraft In-Store: Umamii
23,4,305961,Witchcraft In-Store: Umamii
24,4,305961,Witchcraft In-Store: Umamii
25,4,305961,Witchcraft In-Store: Umamii
26,4,305961,Witchcraft In-Store: Umamii
27,4,305961,Witchcraft In-Store: Umamii
28,4,305961,Witchcraft In-Store: Umamii
29,4,305961,Witchcraft In-Store: Umamii
30,4,305961,Witchcraft In-Store: Umamii
31,4,305961,Witchcraft In-Store: Umamii
32,4,305961,Witchcraft In-Store: Umamii
33,4,305961,Witchcraft In-Store: Umamii
34,4,305961,Witchcraft In-Store: Umamii
35,4,305961,Witchcraft In-Store: Umamii
36,4,305961,Witchcraft In-Store: Umamii
37,4,305961,Witchcraft In-Store: Umamii
38,4,305961,Witchcraft In-Store: Umamii
39,4,305961,Witchcraft In-Store: Umamii
40,4,305961,Witchcraft In-Store: Umamii
41,4,305961,Witchcraft In-Store: Umamii
42,4,305961,Witchcraft In-Store: Umamii
43,4,305961,Witchcraft In-Store: Umamii
44,5,305961,Witchcraft In-Store: Umamii
45,5,305961,Witchcraft In-Store: Umamii
46,5,305961,Witchcraft In-Store: Umamii
47,5,305961,Witchcraft In-Store: Umamii
48,5,305961,Witchcraft In-Store: Umamii
49,5,305961,Witchcraft In-Store: Umamii
50,5,305961,Witchcraft In-Store: Umamii
51,5,305961,Witchcraft In-Store: Umamii
52,5,305961,Witchcraft In-Store: Umamii
53,5,305961,Witchcraft In-Store: Umamii
54,5,305961,Witchcraft In-Store: Umamii
55,5,305961,Witchcraft In-Store: Umamii
56,5,305961,Witchcraft In-Store: Umamii
57,5,305961,Witchcraft In-Store: Umamii
58,6,305961,Witchcraft In-Store: Umamii
59,6,305961,Witchcraft In-Store: Umamii
60,6,305961,Witchcraft In-Store: Umamii
61,6,305961,Witchcraft In-Store: Umamii
62,6,305961,Witchcraft In-Store: Umamii
63,6,305961,Witchcraft In-Store: Umamii
64,6,305961,Witchcraft In-Store: Umamii
65,6,305961,Witchcraft In-Store: Umamii
66,6,305961,Witchcraft In-Store: Umamii
67,6,305961,Witchcraft In-Store: Umamii
68,6,305961,Witchcraft In-Store: Umamii
69,6,305961,Witchcraft In-Store: Umamii
70,6,305961,Witchcraft In-Store: Umamii
71,6,305961,Witchcraft In-Store: Umamii
72,6,305961,Witchcraft In-Store: Umamii
73,6,305961,Witchcraft In-Store: Umamii
74,6,305961,Witchcraft In-Store: Umamii
75,6,305961,Witchcraft In-Store: Umamii
76,6,305961,Witchcraft In-Store: Umamii
77,6,305961,Witchcraft In-Store: Umamii
78,6,305961,Witchcraft In-Store: Umamii
79,6,305961,Witchcraft In-Store: Umamii
80,6,305961,Witchcraft In-Store: Umamii
81,6,305961,Witchcraft In-Store: Umamii
82,6,305961,Witchcraft In-Store: Umamii
83,6,305961,Witchcraft In-Store: Umamii
84,6,305961,Witchcraft In-Store: Umamii
85,6,305961,Witchcraft In-Store: Umamii
86,6,305961,Witchcraft In-Store: Umamii
87,6,305961,Witchcraft In-Store: Umamii
88,6,305961,Witchcraft In-Store: Umamii
89,6,305961,Witchcraft In-Store: Umamii
90,6,305961,Witchcraft In-Store: Umamii
1,2,305962,Witchcraft In-Store: Dada @ DTBK
2,3,305962,Witchcraft In-Store: Dada @ DTBK
3,3,305962,Witchcraft In-Store: Dada @ DTBK
4,3,305962,Witchcraft In-Store: Dada @ DTBK
5,5,305962,Witchcraft In-Store: Dada @ DTBK
6,6,305962,Witchcraft In-Store: Dada @ DTBK
7,6,305962,Witchcraft In-Store: Dada @ DTBK
8,7,305962,Witchcraft In-Store: Dada @ DTBK
9,7,305962,Witchcraft In-Store: Dada @ DTBK
10,7,305962,Witchcraft In-Store: Dada @ DTBK
11,7,305962,Witchcraft In-Store: Dada @ DTBK
12,7,305962,Witchcraft In-Store: Dada @ DTBK
13,7,305962,Witchcraft In-Store: Dada @ DTBK
14,7,305962,Witchcraft In-Store: Dada @ DTBK
15,7,305962,Witchcraft In-Store: Dada @ DTBK
16,8,305962,Witchcraft In-Store: Dada @ DTBK
17,8,305962,Witchcraft In-Store: Dada @ DTBK
18,8,305962,Witchcraft In-Store: Dada @ DTBK
19,8,305962,Witchcraft In-Store: Dada @ DTBK
20,8,305962,Witchcraft In-Store: Dada @ DTBK
21,8,305962,Witchcraft In-Store: Dada @ DTBK
22,8,305962,Witchcraft In-Store: Dada @ DTBK
23,8,305962,Witchcraft In-Store: Dada @ DTBK
24,8,305962,Witchcraft In-Store: Dada @ DTBK
25,8,305962,Witchcraft In-Store: Dada @ DTBK
26,8,305962,Witchcraft In-Store: Dada @ DTBK
27,8,305962,Witchcraft In-Store: Dada @ DTBK
28,9,305962,Witchcraft In-Store: Dada @ DTBK
29,9,305962,Witchcraft In-Store: Dada @ DTBK
30,9,305962,Witchcraft In-Store: Dada @ DTBK
31,9,305962,Witchcraft In-Store: Dada @ DTBK
32,9,305962,Witchcraft In-Store: Dada @ DTBK
33,9,305962,Witchcraft In-Store: Dada @ DTBK
34,9,305962,Witchcraft In-Store: Dada @ DTBK
35,9,305962,Witchcraft In-Store: Dada @ DTBK
36,9,305962,Witchcraft In-Store: Dada @ DTBK
37,9,305962,Witchcraft In-Store: Dada @ DTBK
38,9,305962,Witchcraft In-Store: Dada @ DTBK
39,9,305962,Witchcraft In-Store: Dada @ DTBK
40,9,305962,Witchcraft In-Store: Dada @ DTBK
41,9,305962,Witchcraft In-Store: Dada @ DTBK
42,9,305962,Witchcraft In-Store: Dada @ DTBK
43,9,305962,Witchcraft In-Store: Dada @ DTBK
44,9,305962,Witchcraft In-Store: Dada @ DTBK
45,9,305962,Witchcraft In-Store: Dada @ DTBK
46,10,305962,Witchcraft In-Store: Dada @ DTBK
47,10,305962,Witchcraft In-Store: Dada @ DTBK
48,10,305962,Witchcraft In-Store: Dada @ DTBK
49,10,305962,Witchcraft In-Store: Dada @ DTBK
50,10,305962,Witchcraft In-Store: Dada @ DTBK
51,10,305962,Witchcraft In-Store: Dada @ DTBK
52,10,305962,Witchcraft In-Store: Dada @ DTBK
53,10,305962,Witchcraft In-Store: Dada @ DTBK
54,10,305962,Witchcraft In-Store: Dada @ DTBK
55,10,305962,Witchcraft In-Store: Dada @ DTBK
56,11,305962,Witchcraft In-Store: Dada @ DTBK
57,11,305962,Witchcraft In-Store: Dada @ DTBK
58,11,305962,Witchcraft In-Store: Dada @ DTBK
59,11,305962,Witchcraft In-Store: Dada @ DTBK
60,11,305962,Witchcraft In-Store: Dada @ DTBK
61,11,305962,Witchcraft In-Store: Dada @ DTBK
62,11,305962,Witchcraft In-Store: Dada @ DTBK
63,11,305962,Witchcraft In-Store: Dada @ DTBK
64,11,305962,Witchcraft In-Store: Dada @ DTBK
65,11,305962,Witchcraft In-Store: Dada @ DTBK
66,11,305962,Witchcraft In-Store: Dada @ DTBK
67,11,305962,Witchcraft In-Store: Dada @ DTBK
68,11,305962,Witchcraft In-Store: Dada @ DTBK
69,11,305962,Witchcraft In-Store: Dada @ DTBK
70,11,305962,Witchcraft In-Store: Dada @ DTBK
71,11,305962,Witchcraft In-Store: Dada @ DTBK
72,11,305962,Witchcraft In-Store: Dada @ DTBK
73,11,305962,Witchcraft In-Store: Dada @ DTBK
74,11,305962,Witchcraft In-Store: Dada @ DTBK
75,11,305962,Witchcraft In-Store: Dada @ DTBK
76,11,305962,Witchcraft In-Store: Dada @ DTBK
77,11,305962,Witchcraft In-Store: Dada @ DTBK
78,11,305962,Witchcraft In-Store: Dada @ DTBK
79,11,305962,Witchcraft In-Store: Dada @ DTBK
80,11,305962,Witchcraft In-Store: Dada @ DTBK
81,11,305962,Witchcraft In-Store: Dada @ DTBK
82,11,305962,Witchcraft In-Store: Dada @ DTBK
83,11,305962,Witchcraft In-Store: Dada @ DTBK
84,11,305962,Witchcraft In-Store: Dada @ DTBK
85,11,305962,Witchcraft In-Store: Dada @ DTBK
86,11,305962,Witchcraft In-Store: Dada @ DTBK
87,12,305962,Witchcraft In-Store: Dada @ DTBK
88,12,305962,Witchcraft In-Store: Dada @ DTBK
89,12,305962,Witchcraft In-Store: Dada @ DTBK
90,12,305962,Witchcraft In-Store: Dada @ DTBK
1,4,305963,Witchcraft In-Store: Ravensview @ FIFTH
2,4,305963,Witchcraft In-Store: Ravensview @ FIFTH
3,5,305963,Witchcraft In-Store: Ravensview @ FIFTH
4,5,305963,Witchcraft In-Store: Ravensview @ FIFTH
5,5,305963,Witchcraft In-Store: Ravensview @ FIFTH
6,6,305963,Witchcraft In-Store: Ravensview @ FIFTH
7,6,305963,Witchcraft In-Store: Ravensview @ FIFTH
8,7,305963,Witchcraft In-Store: Ravensview @ FIFTH
9,7,305963,Witchcraft In-Store: Ravensview @ FIFTH
10,8,305963,Witchcraft In-Store: Ravensview @ FIFTH
11,8,305963,Witchcraft In-Store: Ravensview @ FIFTH
12,8,305963,Witchcraft In-Store: Ravensview @ FIFTH
13,8,305963,Witchcraft In-Store: Ravensview @ FIFTH
14,8,305963,Witchcraft In-Store: Ravensview @ FIFTH
15,8,305963,Witchcraft In-Store: Ravensview @ FIFTH
16,8,305963,Witchcraft In-Store: Ravensview @ FIFTH
17,8,305963,Witchcraft In-Store: Ravensview @ FIFTH
18,8,305963,Witchcraft In-Store: Ravensview @ FIFTH
19,8,305963,Witchcraft In-Store: Ravensview @ FIFTH
20,8,305963,Witchcraft In-Store: Ravensview @ FIFTH
21,8,305963,Witchcraft In-Store: Ravensview @ FIFTH
22,8,305963,Witchcraft In-Store: Ravensview @ FIFTH
23,8,305963,Witchcraft In-Store: Ravensview @ FIFTH
24,8,305963,Witchcraft In-Store: Ravensview @ FIFTH
25,8,305963,Witchcraft In-Store: Ravensview @ FIFTH
26,8,305963,Witchcraft In-Store: Ravensview @ FIFTH
27,8,305963,Witchcraft In-Store: Ravensview @ FIFTH
28,8,305963,Witchcraft In-Store: Ravensview @ FIFTH
29,8,305963,Witchcraft In-Store: Ravensview @ FIFTH
30,8,305963,Witchcraft In-Store: Ravensview @ FIFTH
31,8,305963,Witchcraft In-Store: Ravensview @ FIFTH
32,8,305963,Witchcraft In-Store: Ravensview @ FIFTH
33,8,305963,Witchcraft In-Store: Ravensview @ FIFTH
34,8,305963,Witchcraft In-Store: Ravensview @ FIFTH
35,8,305963,Witchcraft In-Store: Ravensview @ FIFTH
36,8,305963,Witchcraft In-Store: Ravensview @ FIFTH
37,8,305963,Witchcraft In-Store: Ravensview @ FIFTH
38,8,305963,Witchcraft In-Store: Ravensview @ FIFTH
39,8,305963,Witchcraft In-Store: Ravensview @ FIFTH
40,8,305963,Witchcraft In-Store: Ravensview @ FIFTH
41,8,305963,Witchcraft In-Store: Ravensview @ FIFTH
42,8,305963,Witchcraft In-Store: Ravensview @ FIFTH
43,8,305963,Witchcraft In-Store: Ravensview @ FIFTH
44,8,305963,Witchcraft In-Store: Ravensview @ FIFTH
45,8,305963,Witchcraft In-Store: Ravensview @ FIFTH
46,8,305963,Witchcraft In-Store: Ravensview @ FIFTH
47,8,305963,Witchcraft In-Store: Ravensview @ FIFTH
48,8,305963,Witchcraft In-Store: Ravensview @ FIFTH
49,8,305963,Witchcraft In-Store: Ravensview @ FIFTH
50,8,305963,Witchcraft In-Store: Ravensview @ FIFTH
51,8,305963,Witchcraft In-Store: Ravensview @ FIFTH
52,8,305963,Witchcraft In-Store: Ravensview @ FIFTH
53,8,305963,Witchcraft In-Store: Ravensview @ FIFTH
54,8,305963,Witchcraft In-Store: Ravensview @ FIFTH
55,8,305963,Witchcraft In-Store: Ravensview @ FIFTH
56,8,305963,Witchcraft In-Store: Ravensview @ FIFTH
57,8,305963,Witchcraft In-Store: Ravensview @ FIFTH
58,8,305963,Witchcraft In-Store: Ravensview @ FIFTH
59,8,305963,Witchcraft In-Store: Ravensview @ FIFTH
60,8,305963,Witchcraft In-Store: Ravensview @ FIFTH
61,8,305963,Witchcraft In-Store: Ravensview @ FIFTH
62,8,305963,Witchcraft In-Store: Ravensview @ FIFTH
63,8,305963,Witchcraft In-Store: Ravensview @ FIFTH
64,8,305963,Witchcraft In-Store: Ravensview @ FIFTH
65,8,305963,Witchcraft In-Store: Ravensview @ FIFTH
66,8,305963,Witchcraft In-Store: Ravensview @ FIFTH
67,8,305963,Witchcraft In-Store: Ravensview @ FIFTH
68,8,305963,Witchcraft In-Store: Ravensview @ FIFTH
69,8,305963,Witchcraft In-Store: Ravensview @ FIFTH
70,8,305963,Witchcraft In-Store: Ravensview @ FIFTH
71,8,305963,Witchcraft In-Store: Ravensview @ FIFTH
72,8,305963,Witchcraft In-Store: Ravensview @ FIFTH
73,8,305963,Witchcraft In-Store: Ravensview @ FIFTH
74,8,305963,Witchcraft In-Store: Ravensview @ FIFTH
75,8,305963,Witchcraft In-Store: Ravensview @ FIFTH
76,8,305963,Witchcraft In-Store: Ravensview @ FIFTH
77,8,305963,Witchcraft In-Store: Ravensview @ FIFTH
78,8,305963,Witchcraft In-Store: Ravensview @ FIFTH
79,8,305963,Witchcraft In-Store: Ravensview @ FIFTH
80,8,305963,Witchcraft In-Store: Ravensview @ FIFTH
81,8,305963,Witchcraft In-Store: Ravensview @ FIFTH
82,8,305963,Witchcraft In-Store: Ravensview @ FIFTH
83,8,305963,Witchcraft In-Store: Ravensview @ FIFTH
84,8,305963,Witchcraft In-Store: Ravensview @ FIFTH
85,8,305963,Witchcraft In-Store: Ravensview @ FIFTH
86,8,305963,Witchcraft In-Store: Ravensview @ FIFTH
87,8,305963,Witchcraft In-Store: Ravensview @ FIFTH
88,8,305963,Witchcraft In-Store: Ravensview @ FIFTH
89,8,305963,Witchcraft In-Store: Ravensview @ FIFTH
90,8,305963,Witchcraft In-Store: Ravensview @ FIFTH
1,6,308482,House of High: A Cannabis Imaginarium (runs to 11-29)
2,7,308482,House of High: A Cannabis Imaginarium (runs to 11-29)
3,9,308482,House of High: A Cannabis Imaginarium (runs to 11-29)
4,9,308482,House of High: A Cannabis Imaginarium (runs to 11-29)
5,15,308482,House of High: A Cannabis Imaginarium (runs to 11-29)
6,15,308482,House of High: A Cannabis Imaginarium (runs to 11-29)
7,20,308482,House of High: A Cannabis Imaginarium (runs to 11-29)
8,28,308482,House of High: A Cannabis Imaginarium (runs to 11-29)
9,32,308482,House of High: A Cannabis Imaginarium (runs to 11-29)
10,34,308482,House of High: A Cannabis Imaginarium (runs to 11-29)
11,35,308482,House of High: A Cannabis Imaginarium (runs to 11-29)
12,38,308482,House of High: A Cannabis Imaginarium (runs to 11-29)
13,39,308482,House of High: A Cannabis Imaginarium (runs to 11-29)
14,42,308482,House of High: A Cannabis Imaginarium (runs to 11-29)
15,43,308482,House of High: A Cannabis Imaginarium (runs to 11-29)
16,43,308482,House of High: A Cannabis Imaginarium (runs to 11-29)
17,44,308482,House of High: A Cannabis Imaginarium (runs to 11-29)
18,45,308482,House of High: A Cannabis Imaginarium (runs to 11-29)
19,46,308482,House of High: A Cannabis Imaginarium (runs to 11-29)
20,46,308482,House of High: A Cannabis Imaginarium (runs to 11-29)
21,52,308482,House of High: A Cannabis Imaginarium (runs to 11-29)
22,55,308482,House of High: A Cannabis Imaginarium (runs to 11-29)
23,56,308482,House of High: A Cannabis Imaginarium (runs to 11-29)
24,57,308482,House of High: A Cannabis Imaginarium (runs to 11-29)
25,58,308482,House of High: A Cannabis Imaginarium (runs to 11-29)
26,58,308482,House of High: A Cannabis Imaginarium (runs to 11-29)
27,58,308482,House of High: A Cannabis Imaginarium (runs to 11-29)
28,58,308482,House of High: A Cannabis Imaginarium (runs to 11-29)
29,58,308482,House of High: A Cannabis Imaginarium (runs to 11-29)
30,58,308482,House of High: A Cannabis Imaginarium (runs to 11-29)
31,58,308482,House of High: A Cannabis Imaginarium (runs to 11-29)
32,58,308482,House of High: A Cannabis Imaginarium (runs to 11-29)
33,58,308482,House of High: A Cannabis Imaginarium (runs to 11-29)
34,58,308482,House of High: A Cannabis Imaginarium (runs to 11-29)
35,59,308482,House of High: A Cannabis Imaginarium (runs to 11-29)
36,59,308482,House of High: A Cannabis Imaginarium (runs to 11-29)
37,59,308482,House of High: A Cannabis Imaginarium (runs to 11-29)
38,59,308482,House of High: A Cannabis Imaginarium (runs to 11-29)
39,59,308482,House of High: A Cannabis Imaginarium (runs to 11-29)
40,59,308482,House of High: A Cannabis Imaginarium (runs to 11-29)
41,59,308482,House of High: A Cannabis Imaginarium (runs to 11-29)
42,59,308482,House of High: A Cannabis Imaginarium (runs to 11-29)
43,59,308482,House of High: A Cannabis Imaginarium (runs to 11-29)
44,59,308482,House of High: A Cannabis Imaginarium (runs to 11-29)
45,59,308482,House of High: A Cannabis Imaginarium (runs to 11-29)
46,59,308482,House of High: A Cannabis Imaginarium (runs to 11-29)
47,59,308482,House of High: A Cannabis Imaginarium (runs to 11-29)
48,59,308482,House of High: A Cannabis Imaginarium (runs to 11-29)
49,59,308482,House of High: A Cannabis Imaginarium (runs to 11-29)
50,59,308482,House of High: A Cannabis Imaginarium (runs to 11-29)
51,59,308482,House of High: A Cannabis Imaginarium (runs to 11-29)
52,59,308482,House of High: A Cannabis Imaginarium (runs to 11-29)
53,59,308482,House of High: A Cannabis Imaginarium (runs to 11-29)
54,59,308482,House of High: A Cannabis Imaginarium (runs to 11-29)
55,59,308482,House of High: A Cannabis Imaginarium (runs to 11-29)
56,59,308482,House of High: A Cannabis Imaginarium (runs to 11-29)
57,59,308482,House of High: A Cannabis Imaginarium (runs to 11-29)
58,59,308482,House of High: A Cannabis Imaginarium (runs to 11-29)
59,59,308482,House of High: A Cannabis Imaginarium (runs to 11-29)
60,59,308482,House of High: A Cannabis Imaginarium (runs to 11-29)
61,60,308482,House of High: A Cannabis Imaginarium (runs to 11-29)
62,61,308482,House of High: A Cannabis Imaginarium (runs to 11-29)
63,61,308482,House of High: A Cannabis Imaginarium (runs to 11-29)
64,61,308482,House of High: A Cannabis Imaginarium (runs to 11-29)
65,61,308482,House of High: A Cannabis Imaginarium (runs to 11-29)
66,61,308482,House of High: A Cannabis Imaginarium (runs to 11-29)
67,61,308482,House of High: A Cannabis Imaginarium (runs to 11-29)
68,61,308482,House of High: A Cannabis Imaginarium (runs to 11-29)
69,61,308482,House of High: A Cannabis Imaginarium (runs to 11-29)
70,61,308482,House of High: A Cannabis Imaginarium (runs to 11-29)
71,61,308482,House of High: A Cannabis Imaginarium (runs to 11-29)
72,61,308482,House of High: A Cannabis Imaginarium (runs to 11-29)
73,61,308482,House of High: A Cannabis Imaginarium (runs to 11-29)
74,61,308482,House of High: A Cannabis Imaginarium (runs to 11-29)
75,61,308482,House of High: A Cannabis Imaginarium (runs to 11-29)
76,61,308482,House of High: A Cannabis Imaginarium (runs to 11-29)
77,62,308482,House of High: A Cannabis Imaginarium (runs to 11-29)
78,62,308482,House of High: A Cannabis Imaginarium (runs to 11-29)
79,62,308482,House of High: A Cannabis Imaginarium (runs to 11-29)
80,62,308482,House of High: A Cannabis Imaginarium (runs to 11-29)
81,62,308482,House of High: A Cannabis Imaginarium (runs to 11-29)
82,62,308482,House of High: A Cannabis Imaginarium (runs to 11-29)
83,62,308482,House of High: A Cannabis Imaginarium (runs to 11-29)
84,62,308482,House of High: A Cannabis Imaginarium (runs to 11-29)
85,62,308482,House of High: A Cannabis Imaginarium (runs to 11-29)
86,62,308482,House of High: A Cannabis Imaginarium (runs to 11-29)
87,62,308482,House of High: A Cannabis Imaginarium (runs to 11-29)
88,62,308482,House of High: A Cannabis Imaginarium (runs to 11-29)
89,62,308482,House of High: A Cannabis Imaginarium (runs to 11-29)
90,62,308482,House of High: A Cannabis Imaginarium (runs to 11-29)
1,3,311312,Artist Events: Andy Frasco - Dec 30
2,3,311312,Artist Events: Andy Frasco - Dec 30
3,4,311312,Artist Events: Andy Frasco - Dec 30
4,4,311312,Artist Events: Andy Frasco - Dec 30
5,4,311312,Artist Events: Andy Frasco - Dec 30
6,5,311312,Artist Events: Andy Frasco - Dec 30
7,5,311312,Artist Events: Andy Frasco - Dec 30
8,5,311312,Artist Events: Andy Frasco - Dec 30
9,5,311312,Artist Events: Andy Frasco - Dec 30
10,5,311312,Artist Events: Andy Frasco - Dec 30
11,5,311312,Artist Events: Andy Frasco - Dec 30
12,5,311312,Artist Events: Andy Frasco - Dec 30
13,5,311312,Artist Events: Andy Frasco - Dec 30
14,5,311312,Artist Events: Andy Frasco - Dec 30
15,5,311312,Artist Events: Andy Frasco - Dec 30
16,5,311312,Artist Events: Andy Frasco - Dec 30
17,6,311312,Artist Events: Andy Frasco - Dec 30
18,6,311312,Artist Events: Andy Frasco - Dec 30
19,6,311312,Artist Events: Andy Frasco - Dec 30
20,6,311312,Artist Events: Andy Frasco - Dec 30
21,6,311312,Artist Events: Andy Frasco - Dec 30
22,6,311312,Artist Events: Andy Frasco - Dec 30
23,6,311312,Artist Events: Andy Frasco - Dec 30
24,8,311312,Artist Events: Andy Frasco - Dec 30
25,8,311312,Artist Events: Andy Frasco - Dec 30
26,8,311312,Artist Events: Andy Frasco - Dec 30
27,8,311312,Artist Events: Andy Frasco - Dec 30
28,9,311312,Artist Events: Andy Frasco - Dec 30
29,10,311312,Artist Events: Andy Frasco - Dec 30
30,10,311312,Artist Events: Andy Frasco - Dec 30
31,10,311312,Artist Events: Andy Frasco - Dec 30
32,11,311312,Artist Events: Andy Frasco - Dec 30
33,11,311312,Artist Events: Andy Frasco - Dec 30
34,11,311312,Artist Events: Andy Frasco - Dec 30
35,11,311312,Artist Events: Andy Frasco - Dec 30
36,12,311312,Artist Events: Andy Frasco - Dec 30
37,12,311312,Artist Events: Andy Frasco - Dec 30
38,12,311312,Artist Events: Andy Frasco - Dec 30
39,12,311312,Artist Events: Andy Frasco - Dec 30
40,12,311312,Artist Events: Andy Frasco - Dec 30
41,13,311312,Artist Events: Andy Frasco - Dec 30
42,14,311312,Artist Events: Andy Frasco - Dec 30
43,14,311312,Artist Events: Andy Frasco - Dec 30
44,14,311312,Artist Events: Andy Frasco - Dec 30
45,14,311312,Artist Events: Andy Frasco - Dec 30
46,15,311312,Artist Events: Andy Frasco - Dec 30
47,15,311312,Artist Events: Andy Frasco - Dec 30
48,15,311312,Artist Events: Andy Frasco - Dec 30
49,16,311312,Artist Events: Andy Frasco - Dec 30
50,16,311312,Artist Events: Andy Frasco - Dec 30
51,16,311312,Artist Events: Andy Frasco - Dec 30
52,16,311312,Artist Events: Andy Frasco - Dec 30
53,16,311312,Artist Events: Andy Frasco - Dec 30
54,16,311312,Artist Events: Andy Frasco - Dec 30
55,16,311312,Artist Events: Andy Frasco - Dec 30
56,16,311312,Artist Events: Andy Frasco - Dec 30
57,16,311312,Artist Events: Andy Frasco - Dec 30
58,16,311312,Artist Events: Andy Frasco - Dec 30
59,16,311312,Artist Events: Andy Frasco - Dec 30
60,16,311312,Artist Events: Andy Frasco - Dec 30
61,16,311312,Artist Events: Andy Frasco - Dec 30
62,16,311312,Artist Events: Andy Frasco - Dec 30
63,16,311312,Artist Events: Andy Frasco - Dec 30
64,16,311312,Artist Events: Andy Frasco - Dec 30
65,16,311312,Artist Events: Andy Frasco - Dec 30
66,16,311312,Artist Events: Andy Frasco - Dec 30
67,16,311312,Artist Events: Andy Frasco - Dec 30
68,16,311312,Artist Events: Andy Frasco - Dec 30
69,16,311312,Artist Events: Andy Frasco - Dec 30
70,16,311312,Artist Events: Andy Frasco - Dec 30
71,16,311312,Artist Events: Andy Frasco - Dec 30
72,16,311312,Artist Events: Andy Frasco - Dec 30
73,16,311312,Artist Events: Andy Frasco - Dec 30
74,16,311312,Artist Events: Andy Frasco - Dec 30
75,16,311312,Artist Events: Andy Frasco - Dec 30
76,16,311312,Artist Events: Andy Frasco - Dec 30
77,16,311312,Artist Events: Andy Frasco - Dec 30
78,16,311312,Artist Events: Andy Frasco - Dec 30
79,16,311312,Artist Events: Andy Frasco - Dec 30
80,16,311312,Artist Events: Andy Frasco - Dec 30
81,16,311312,Artist Events: Andy Frasco - Dec 30
82,16,311312,Artist Events: Andy Frasco - Dec 30
83,17,311312,Artist Events: Andy Frasco - Dec 30
84,17,311312,Artist Events: Andy Frasco - Dec 30
85,17,311312,Artist Events: Andy Frasco - Dec 30
86,17,311312,Artist Events: Andy Frasco - Dec 30
87,17,311312,Artist Events: Andy Frasco - Dec 30
88,17,311312,Artist Events: Andy Frasco - Dec 30
89,17,311312,Artist Events: Andy Frasco - Dec 30
90,17,311312,Artist Events: Andy Frasco - Dec 30
1,3,315976,Cali Sober Sips 2026: Fifth
2,7,315976,Cali Sober Sips 2026: Fifth
3,10,315976,Cali Sober Sips 2026: Fifth
4,13,315976,Cali Sober Sips 2026: Fifth
5,13,315976,Cali Sober Sips 2026: Fifth
6,15,315976,Cali Sober Sips 2026: Fifth
7,17,315976,Cali Sober Sips 2026: Fifth
8,18,315976,Cali Sober Sips 2026: Fifth
9,20,315976,Cali Sober Sips 2026: Fifth
10,21,315976,Cali Sober Sips 2026: Fifth
11,22,315976,Cali Sober Sips 2026: Fifth
12,22,315976,Cali Sober Sips 2026: Fifth
13,23,315976,Cali Sober Sips 2026: Fifth
14,24,315976,Cali Sober Sips 2026: Fifth
15,26,315976,Cali Sober Sips 2026: Fifth
16,28,315976,Cali Sober Sips 2026: Fifth
17,29,315976,Cali Sober Sips 2026: Fifth
18,29,315976,Cali Sober Sips 2026: Fifth
19,30,315976,Cali Sober Sips 2026: Fifth
20,31,315976,Cali Sober Sips 2026: Fifth
21,32,315976,Cali Sober Sips 2026: Fifth
22,32,315976,Cali Sober Sips 2026: Fifth
23,32,315976,Cali Sober Sips 2026: Fifth
24,32,315976,Cali Sober Sips 2026: Fifth
25,32,315976,Cali Sober Sips 2026: Fifth
26,33,315976,Cali Sober Sips 2026: Fifth
27,33,315976,Cali Sober Sips 2026: Fifth
28,34,315976,Cali Sober Sips 2026: Fifth
29,34,315976,Cali Sober Sips 2026: Fifth
30,35,315976,Cali Sober Sips 2026: Fifth
31,35,315976,Cali Sober Sips 2026: Fifth
32,37,315976,Cali Sober Sips 2026: Fifth
33,37,315976,Cali Sober Sips 2026: Fifth
34,37,315976,Cali Sober Sips 2026: Fifth
35,37,315976,Cali Sober Sips 2026: Fifth
36,37,315976,Cali Sober Sips 2026: Fifth
37,37,315976,Cali Sober Sips 2026: Fifth
38,37,315976,Cali Sober Sips 2026: Fifth
39,37,315976,Cali Sober Sips 2026: Fifth
40,38,315976,Cali Sober Sips 2026: Fifth
41,39,315976,Cali Sober Sips 2026: Fifth
42,40,315976,Cali Sober Sips 2026: Fifth
43,40,315976,Cali Sober Sips 2026: Fifth
44,40,315976,Cali Sober Sips 2026: Fifth
45,40,315976,Cali Sober Sips 2026: Fifth
46,40,315976,Cali Sober Sips 2026: Fifth
47,42,315976,Cali Sober Sips 2026: Fifth
48,42,315976,Cali Sober Sips 2026: Fifth
49,42,315976,Cali Sober Sips 2026: Fifth
50,43,315976,Cali Sober Sips 2026: Fifth
51,43,315976,Cali Sober Sips 2026: Fifth
52,43,315976,Cali Sober Sips 2026: Fifth
53,43,315976,Cali Sober Sips 2026: Fifth
54,43,315976,Cali Sober Sips 2026: Fifth
55,44,315976,Cali Sober Sips 2026: Fifth
56,44,315976,Cali Sober Sips 2026: Fifth
57,44,315976,Cali Sober Sips 2026: Fifth
58,44,315976,Cali Sober Sips 2026: Fifth
59,44,315976,Cali Sober Sips 2026: Fifth
60,44,315976,Cali Sober Sips 2026: Fifth
61,44,315976,Cali Sober Sips 2026: Fifth
62,44,315976,Cali Sober Sips 2026: Fifth
63,44,315976,Cali Sober Sips 2026: Fifth
64,44,315976,Cali Sober Sips 2026: Fifth
65,44,315976,Cali Sober Sips 2026: Fifth
66,44,315976,Cali Sober Sips 2026: Fifth
67,44,315976,Cali Sober Sips 2026: Fifth
68,44,315976,Cali Sober Sips 2026: Fifth
69,45,315976,Cali Sober Sips 2026: Fifth
70,45,315976,Cali Sober Sips 2026: Fifth
71,45,315976,Cali Sober Sips 2026: Fifth
72,46,315976,Cali Sober Sips 2026: Fifth
73,46,315976,Cali Sober Sips 2026: Fifth
74,46,315976,Cali Sober Sips 2026: Fifth
75,46,315976,Cali Sober Sips 2026: Fifth
76,46,315976,Cali Sober Sips 2026: Fifth
77,48,315976,Cali Sober Sips 2026: Fifth
78,48,315976,Cali Sober Sips 2026: Fifth
79,48,315976,Cali Sober Sips 2026: Fifth
80,48,315976,Cali Sober Sips 2026: Fifth
81,49,315976,Cali Sober Sips 2026: Fifth
82,49,315976,Cali Sober Sips 2026: Fifth
83,49,315976,Cali Sober Sips 2026: Fifth
84,49,315976,Cali Sober Sips 2026: Fifth
85,49,315976,Cali Sober Sips 2026: Fifth
86,49,315976,Cali Sober Sips 2026: Fifth
87,49,315976,Cali Sober Sips 2026: Fifth
88,49,315976,Cali Sober Sips 2026: Fifth
89,49,315976,Cali Sober Sips 2026: Fifth
90,49,315976,Cali Sober Sips 2026: Fifth
1,3,316172,Cali Sober Sips 2026: Fifth
2,8,316172,Cali Sober Sips 2026: Fifth
3,11,316172,Cali Sober Sips 2026: Fifth
4,14,316172,Cali Sober Sips 2026: Fifth
5,15,316172,Cali Sober Sips 2026: Fifth
6,17,316172,Cali Sober Sips 2026: Fifth
7,20,316172,Cali Sober Sips 2026: Fifth
8,22,316172,Cali Sober Sips 2026: Fifth
9,24,316172,Cali Sober Sips 2026: Fifth
10,25,316172,Cali Sober Sips 2026: Fifth
11,26,316172,Cali Sober Sips 2026: Fifth
12,28,316172,Cali Sober Sips 2026: Fifth
13,30,316172,Cali Sober Sips 2026: Fifth
14,31,316172,Cali Sober Sips 2026: Fifth
15,33,316172,Cali Sober Sips 2026: Fifth
16,35,316172,Cali Sober Sips 2026: Fifth
17,36,316172,Cali Sober Sips 2026: Fifth
18,36,316172,Cali Sober Sips 2026: Fifth
19,37,316172,Cali Sober Sips 2026: Fifth
20,38,316172,Cali Sober Sips 2026: Fifth
21,39,316172,Cali Sober Sips 2026: Fifth
22,39,316172,Cali Sober Sips 2026: Fifth
23,39,316172,Cali Sober Sips 2026: Fifth
24,39,316172,Cali Sober Sips 2026: Fifth
25,39,316172,Cali Sober Sips 2026: Fifth
26,40,316172,Cali Sober Sips 2026: Fifth
27,40,316172,Cali Sober Sips 2026: Fifth
28,41,316172,Cali Sober Sips 2026: Fifth
29,41,316172,Cali Sober Sips 2026: Fifth
30,42,316172,Cali Sober Sips 2026: Fifth
31,42,316172,Cali Sober Sips 2026: Fifth
32,44,316172,Cali Sober Sips 2026: Fifth
33,44,316172,Cali Sober Sips 2026: Fifth
34,44,316172,Cali Sober Sips 2026: Fifth
35,44,316172,Cali Sober Sips 2026: Fifth
36,45,316172,Cali Sober Sips 2026: Fifth
37,45,316172,Cali Sober Sips 2026: Fifth
38,45,316172,Cali Sober Sips 2026: Fifth
39,45,316172,Cali Sober Sips 2026: Fifth
40,47,316172,Cali Sober Sips 2026: Fifth
41,48,316172,Cali Sober Sips 2026: Fifth
42,49,316172,Cali Sober Sips 2026: Fifth
43,49,316172,Cali Sober Sips 2026: Fifth
44,49,316172,Cali Sober Sips 2026: Fifth
45,49,316172,Cali Sober Sips 2026: Fifth
46,49,316172,Cali Sober Sips 2026: Fifth
47,52,316172,Cali Sober Sips 2026: Fifth
48,52,316172,Cali Sober Sips 2026: Fifth
49,52,316172,Cali Sober Sips 2026: Fifth
50,54,316172,Cali Sober Sips 2026: Fifth
51,54,316172,Cali Sober Sips 2026: Fifth
52,54,316172,Cali Sober Sips 2026: Fifth
53,54,316172,Cali Sober Sips 2026: Fifth
54,54,316172,Cali Sober Sips 2026: Fifth
55,55,316172,Cali Sober Sips 2026: Fifth
56,55,316172,Cali Sober Sips 2026: Fifth
57,55,316172,Cali Sober Sips 2026: Fifth
58,55,316172,Cali Sober Sips 2026: Fifth
59,55,316172,Cali Sober Sips 2026: Fifth
60,55,316172,Cali Sober Sips 2026: Fifth
61,55,316172,Cali Sober Sips 2026: Fifth
62,55,316172,Cali Sober Sips 2026: Fifth
63,55,316172,Cali Sober Sips 2026: Fifth
64,55,316172,Cali Sober Sips 2026: Fifth
65,55,316172,Cali Sober Sips 2026: Fifth
66,55,316172,Cali Sober Sips 2026: Fifth
67,55,316172,Cali Sober Sips 2026: Fifth
68,55,316172,Cali Sober Sips 2026: Fifth
69,57,316172,Cali Sober Sips 2026: Fifth
70,57,316172,Cali Sober Sips 2026: Fifth
71,57,316172,Cali Sober Sips 2026: Fifth
72,58,316172,Cali Sober Sips 2026: Fifth
73,58,316172,Cali Sober Sips 2026: Fifth
74,58,316172,Cali Sober Sips 2026: Fifth
75,58,316172,Cali Sober Sips 2026: Fifth
76,58,316172,Cali Sober Sips 2026: Fifth
77,60,316172,Cali Sober Sips 2026: Fifth
78,60,316172,Cali Sober Sips 2026: Fifth
79,60,316172,Cali Sober Sips 2026: Fifth
80,60,316172,Cali Sober Sips 2026: Fifth
81,61,316172,Cali Sober Sips 2026: Fifth
82,61,316172,Cali Sober Sips 2026: Fifth
83,61,316172,Cali Sober Sips 2026: Fifth
84,61,316172,Cali Sober Sips 2026: Fifth
85,62,316172,Cali Sober Sips 2026: Fifth
86,62,316172,Cali Sober Sips 2026: Fifth
87,62,316172,Cali Sober Sips 2026: Fifth
88,62,316172,Cali Sober Sips 2026: Fifth
89,62,316172,Cali Sober Sips 2026: Fifth
90,62,316172,Cali Sober Sips 2026: Fifth
1,0,318908,Ghostface Killah Listening Party
2,0,318908,Ghostface Killah Listening Party
3,0,318908,Ghostface Killah Listening Party
4,0,318908,Ghostface Killah Listening Party
5,0,318908,Ghostface Killah Listening Party
6,0,318908,Ghostface Killah Listening Party
7,0,318908,Ghostface Killah Listening Party
8,1,318908,Ghostface Killah Listening Party
9,1,318908,Ghostface Killah Listening Party
10,1,318908,Ghostface Killah Listening Party
11,1,318908,Ghostface Killah Listening Party
12,1,318908,Ghostface Killah Listening Party
13,1,318908,Ghostface Killah Listening Party
14,1,318908,Ghostface Killah Listening Party
15,1,318908,Ghostface Killah Listening Party
16,1,318908,Ghostface Killah Listening Party
17,1,318908,Ghostface Killah Listening Party
18,1,318908,Ghostface Killah Listening Party
19,1,318908,Ghostface Killah Listening Party
20,1,318908,Ghostface Killah Listening Party
21,1,318908,Ghostface Killah Listening Party
22,1,318908,Ghostface Killah Listening Party
23,1,318908,Ghostface Killah Listening Party
24,1,318908,Ghostface Killah Listening Party
25,1,318908,Ghostface Killah Listening Party
26,1,318908,Ghostface Killah Listening Party
27,1,318908,Ghostface Killah Listening Party
28,1,318908,Ghostface Killah Listening Party
29,1,318908,Ghostface Killah Listening Party
30,1,318908,Ghostface Killah Listening Party
31,1,318908,Ghostface Killah Listening Party
32,1,318908,Ghostface Killah Listening Party
33,1,318908,Ghostface Killah Listening Party
34,1,318908,Ghostface Killah Listening Party
35,1,318908,Ghostface Killah Listening Party
36,1,318908,Ghostface Killah Listening Party
37,1,318908,Ghostface Killah Listening Party
38,1,318908,Ghostface Killah Listening Party
39,1,318908,Ghostface Killah Listening Party
40,1,318908,Ghostface Killah Listening Party
41,1,318908,Ghostface Killah Listening Party
42,1,318908,Ghostface Killah Listening Party
43,1,318908,Ghostface Killah Listening Party
44,2,318908,Ghostface Killah Listening Party
45,2,318908,Ghostface Killah Listening Party
46,3,318908,Ghostface Killah Listening Party
47,3,318908,Ghostface Killah Listening Party
48,4,318908,Ghostface Killah Listening Party
49,4,318908,Ghostface Killah Listening Party
50,4,318908,Ghostface Killah Listening Party
51,4,318908,Ghostface Killah Listening Party
52,4,318908,Ghostface Killah Listening Party
53,4,318908,Ghostface Killah Listening Party
54,4,318908,Ghostface Killah Listening Party
55,4,318908,Ghostface Killah Listening Party
56,4,318908,Ghostface Killah Listening Party
57,4,318908,Ghostface Killah Listening Party
58,4,318908,Ghostface Killah Listening Party
59,4,318908,Ghostface Killah Listening Party
60,4,318908,Ghostface Killah Listening Party
61,4,318908,Ghostface Killah Listening Party
62,4,318908,Ghostface Killah Listening Party
63,4,318908,Ghostface Killah Listening Party
64,4,318908,Ghostface Killah Listening Party
65,4,318908,Ghostface Killah Listening Party
66,4,318908,Ghostface Killah Listening Party
67,4,318908,Ghostface Killah Listening Party
68,4,318908,Ghostface Killah Listening Party
69,4,318908,Ghostface Killah Listening Party
70,4,318908,Ghostface Killah Listening Party
71,4,318908,Ghostface Killah Listening Party
72,4,318908,Ghostface Killah Listening Party
73,4,318908,Ghostface Killah Listening Party
74,4,318908,Ghostface Killah Listening Party
75,4,318908,Ghostface Killah Listening Party
76,4,318908,Ghostface Killah Listening Party
77,4,318908,Ghostface Killah Listening Party
78,4,318908,Ghostface Killah Listening Party
79,4,318908,Ghostface Killah Listening Party
80,4,318908,Ghostface Killah Listening Party
81,4,318908,Ghostface Killah Listening Party
82,4,318908,Ghostface Killah Listening Party
83,4,318908,Ghostface Killah Listening Party
84,4,318908,Ghostface Killah Listening Party
85,4,318908,Ghostface Killah Listening Party
86,4,318908,Ghostface Killah Listening Party
87,4,318908,Ghostface Killah Listening Party
88,4,318908,Ghostface Killah Listening Party
89,4,318908,Ghostface Killah Listening Party
90,4,318908,Ghostface Killah Listening Party
1,0,322625,Open Book Club x TTA (Read & Unwind)
2,0,322625,Open Book Club x TTA (Read & Unwind)
3,0,322625,Open Book Club x TTA (Read & Unwind)
4,0,322625,Open Book Club x TTA (Read & Unwind)
5,0,322625,Open Book Club x TTA (Read & Unwind)
6,0,322625,Open Book Club x TTA (Read & Unwind)
7,1,322625,Open Book Club x TTA (Read & Unwind)
8,1,322625,Open Book Club x TTA (Read & Unwind)
9,1,322625,Open Book Club x TTA (Read & Unwind)
10,1,322625,Open Book Club x TTA (Read & Unwind)
11,1,322625,Open Book Club x TTA (Read & Unwind)
12,1,322625,Open Book Club x TTA (Read & Unwind)
13,1,322625,Open Book Club x TTA (Read & Unwind)
14,1,322625,Open Book Club x TTA (Read & Unwind)
15,1,322625,Open Book Club x TTA (Read & Unwind)
16,1,322625,Open Book Club x TTA (Read & Unwind)
17,1,322625,Open Book Club x TTA (Read & Unwind)
18,1,322625,Open Book Club x TTA (Read & Unwind)
19,1,322625,Open Book Club x TTA (Read & Unwind)
20,1,322625,Open Book Club x TTA (Read & Unwind)
21,1,322625,Open Book Club x TTA (Read & Unwind)
22,1,322625,Open Book Club x TTA (Read & Unwind)
23,1,322625,Open Book Club x TTA (Read & Unwind)
24,1,322625,Open Book Club x TTA (Read & Unwind)
25,1,322625,Open Book Club x TTA (Read & Unwind)
26,1,322625,Open Book Club x TTA (Read & Unwind)
27,1,322625,Open Book Club x TTA (Read & Unwind)
28,1,322625,Open Book Club x TTA (Read & Unwind)
29,1,322625,Open Book Club x TTA (Read & Unwind)
30,1,322625,Open Book Club x TTA (Read & Unwind)
31,1,322625,Open Book Club x TTA (Read & Unwind)
32,1,322625,Open Book Club x TTA (Read & Unwind)
33,1,322625,Open Book Club x TTA (Read & Unwind)
34,1,322625,Open Book Club x TTA (Read & Unwind)
35,1,322625,Open Book Club x TTA (Read & Unwind)
36,1,322625,Open Book Club x TTA (Read & Unwind)
37,1,322625,Open Book Club x TTA (Read & Unwind)
38,1,322625,Open Book Club x TTA (Read & Unwind)
39,1,322625,Open Book Club x TTA (Read & Unwind)
40,1,322625,Open Book Club x TTA (Read & Unwind)
41,1,322625,Open Book Club x TTA (Read & Unwind)
42,1,322625,Open Book Club x TTA (Read & Unwind)
43,1,322625,Open Book Club x TTA (Read & Unwind)
44,1,322625,Open Book Club x TTA (Read & Unwind)
45,1,322625,Open Book Club x TTA (Read & Unwind)
46,1,322625,Open Book Club x TTA (Read & Unwind)
47,1,322625,Open Book Club x TTA (Read & Unwind)
48,1,322625,Open Book Club x TTA (Read & Unwind)
49,1,322625,Open Book Club x TTA (Read & Unwind)
50,1,322625,Open Book Club x TTA (Read & Unwind)
51,1,322625,Open Book Club x TTA (Read & Unwind)
52,1,322625,Open Book Club x TTA (Read & Unwind)
53,1,322625,Open Book Club x TTA (Read & Unwind)
54,1,322625,Open Book Club x TTA (Read & Unwind)
55,1,322625,Open Book Club x TTA (Read & Unwind)
56,1,322625,Open Book Club x TTA (Read & Unwind)
57,1,322625,Open Book Club x TTA (Read & Unwind)
58,2,322625,Open Book Club x TTA (Read & Unwind)
59,2,322625,Open Book Club x TTA (Read & Unwind)
60,2,322625,Open Book Club x TTA (Read & Unwind)
61,2,322625,Open Book Club x TTA (Read & Unwind)
62,2,322625,Open Book Club x TTA (Read & Unwind)
63,2,322625,Open Book Club x TTA (Read & Unwind)
64,3,322625,Open Book Club x TTA (Read & Unwind)
65,3,322625,Open Book Club x TTA (Read & Unwind)
66,3,322625,Open Book Club x TTA (Read & Unwind)
67,3,322625,Open Book Club x TTA (Read & Unwind)
68,3,322625,Open Book Club x TTA (Read & Unwind)
69,3,322625,Open Book Club x TTA (Read & Unwind)
70,3,322625,Open Book Club x TTA (Read & Unwind)
71,3,322625,Open Book Club x TTA (Read & Unwind)
72,3,322625,Open Book Club x TTA (Read & Unwind)
73,3,322625,Open Book Club x TTA (Read & Unwind)
74,3,322625,Open Book Club x TTA (Read & Unwind)
75,3,322625,Open Book Club x TTA (Read & Unwind)
76,3,322625,Open Book Club x TTA (Read & Unwind)
77,3,322625,Open Book Club x TTA (Read & Unwind)
78,3,322625,Open Book Club x TTA (Read & Unwind)
79,3,322625,Open Book Club x TTA (Read & Unwind)
80,3,322625,Open Book Club x TTA (Read & Unwind)
81,3,322625,Open Book Club x TTA (Read & Unwind)
82,3,322625,Open Book Club x TTA (Read & Unwind)
83,3,322625,Open Book Club x TTA (Read & Unwind)
84,3,322625,Open Book Club x TTA (Read & Unwind)
85,3,322625,Open Book Club x TTA (Read & Unwind)
86,3,322625,Open Book Club x TTA (Read & Unwind)
87,3,322625,Open Book Club x TTA (Read & Unwind)
88,3,322625,Open Book Club x TTA (Read & Unwind)
89,3,322625,Open Book Club x TTA (Read & Unwind)
90,3,322625,Open Book Club x TTA (Read & Unwind)
1,0,326334,Open Book Club x TTA (Read & Unwind)
2,0,326334,Open Book Club x TTA (Read & Unwind)
3,0,326334,Open Book Club x TTA (Read & Unwind)
4,0,326334,Open Book Club x TTA (Read & Unwind)
5,0,326334,Open Book Club x TTA (Read & Unwind)
6,0,326334,Open Book Club x TTA (Read & Unwind)
7,0,326334,Open Book Club x TTA (Read & Unwind)
8,0,326334,Open Book Club x TTA (Read & Unwind)
9,1,326334,Open Book Club x TTA (Read & Unwind)
10,1,326334,Open Book Club x TTA (Read & Unwind)
11,1,326334,Open Book Club x TTA (Read & Unwind)
12,1,326334,Open Book Club x TTA (Read & Unwind)
13,1,326334,Open Book Club x TTA (Read & Unwind)
14,1,326334,Open Book Club x TTA (Read & Unwind)
15,1,326334,Open Book Club x TTA (Read & Unwind)
16,1,326334,Open Book Club x TTA (Read & Unwind)
17,1,326334,Open Book Club x TTA (Read & Unwind)
18,1,326334,Open Book Club x TTA (Read & Unwind)
19,1,326334,Open Book Club x TTA (Read & Unwind)
20,1,326334,Open Book Club x TTA (Read & Unwind)
21,1,326334,Open Book Club x TTA (Read & Unwind)
22,1,326334,Open Book Club x TTA (Read & Unwind)
23,1,326334,Open Book Club x TTA (Read & Unwind)
24,1,326334,Open Book Club x TTA (Read & Unwind)
25,1,326334,Open Book Club x TTA (Read & Unwind)
26,1,326334,Open Book Club x TTA (Read & Unwind)
27,1,326334,Open Book Club x TTA (Read & Unwind)
28,1,326334,Open Book Club x TTA (Read & Unwind)
29,1,326334,Open Book Club x TTA (Read & Unwind)
30,1,326334,Open Book Club x TTA (Read & Unwind)
31,1,326334,Open Book Club x TTA (Read & Unwind)
32,1,326334,Open Book Club x TTA (Read & Unwind)
33,1,326334,Open Book Club x TTA (Read & Unwind)
34,1,326334,Open Book Club x TTA (Read & Unwind)
35,1,326334,Open Book Club x TTA (Read & Unwind)
36,1,326334,Open Book Club x TTA (Read & Unwind)
37,1,326334,Open Book Club x TTA (Read & Unwind)
38,1,326334,Open Book Club x TTA (Read & Unwind)
39,1,326334,Open Book Club x TTA (Read & Unwind)
40,1,326334,Open Book Club x TTA (Read & Unwind)
41,1,326334,Open Book Club x TTA (Read & Unwind)
42,1,326334,Open Book Club x TTA (Read & Unwind)
43,1,326334,Open Book Club x TTA (Read & Unwind)
44,1,326334,Open Book Club x TTA (Read & Unwind)
45,1,326334,Open Book Club x TTA (Read & Unwind)
46,1,326334,Open Book Club x TTA (Read & Unwind)
47,1,326334,Open Book Club x TTA (Read & Unwind)
48,1,326334,Open Book Club x TTA (Read & Unwind)
49,1,326334,Open Book Club x TTA (Read & Unwind)
50,1,326334,Open Book Club x TTA (Read & Unwind)
51,1,326334,Open Book Club x TTA (Read & Unwind)
52,1,326334,Open Book Club x TTA (Read & Unwind)
53,1,326334,Open Book Club x TTA (Read & Unwind)
54,1,326334,Open Book Club x TTA (Read & Unwind)
55,1,326334,Open Book Club x TTA (Read & Unwind)
56,1,326334,Open Book Club x TTA (Read & Unwind)
57,1,326334,Open Book Club x TTA (Read & Unwind)
58,1,326334,Open Book Club x TTA (Read & Unwind)
59,1,326334,Open Book Club x TTA (Read & Unwind)
60,1,326334,Open Book Club x TTA (Read & Unwind)
61,1,326334,Open Book Club x TTA (Read & Unwind)
62,1,326334,Open Book Club x TTA (Read & Unwind)
63,1,326334,Open Book Club x TTA (Read & Unwind)
64,1,326334,Open Book Club x TTA (Read & Unwind)
65,1,326334,Open Book Club x TTA (Read & Unwind)
66,1,326334,Open Book Club x TTA (Read & Unwind)
67,1,326334,Open Book Club x TTA (Read & Unwind)
68,1,326334,Open Book Club x TTA (Read & Unwind)
69,1,326334,Open Book Club x TTA (Read & Unwind)
70,1,326334,Open Book Club x TTA (Read & Unwind)
71,1,326334,Open Book Club x TTA (Read & Unwind)
72,1,326334,Open Book Club x TTA (Read & Unwind)
73,1,326334,Open Book Club x TTA (Read & Unwind)
74,1,326334,Open Book Club x TTA (Read & Unwind)
75,1,326334,Open Book Club x TTA (Read & Unwind)
76,1,326334,Open Book Club x TTA (Read & Unwind)
77,1,326334,Open Book Club x TTA (Read & Unwind)
78,1,326334,Open Book Club x TTA (Read & Unwind)
79,1,326334,Open Book Club x TTA (Read & Unwind)
80,1,326334,Open Book Club x TTA (Read & Unwind)
81,1,326334,Open Book Club x TTA (Read & Unwind)
82,1,326334,Open Book Club x TTA (Read & Unwind)
83,1,326334,Open Book Club x TTA (Read & Unwind)
84,1,326334,Open Book Club x TTA (Read & Unwind)
85,1,326334,Open Book Club x TTA (Read & Unwind)
86,2,326334,Open Book Club x TTA (Read & Unwind)
87,2,326334,Open Book Club x TTA (Read & Unwind)
88,2,326334,Open Book Club x TTA (Read & Unwind)
89,2,326334,Open Book Club x TTA (Read & Unwind)
90,2,326334,Open Book Club x TTA (Read & Unwind)
1,3,326769,420 2026 OnlyNY Launch Party
2,3,326769,420 2026 OnlyNY Launch Party
3,4,326769,420 2026 OnlyNY Launch Party
4,5,326769,420 2026 OnlyNY Launch Party
5,5,326769,420 2026 OnlyNY Launch Party
6,6,326769,420 2026 OnlyNY Launch Party
7,6,326769,420 2026 OnlyNY Launch Party
8,7,326769,420 2026 OnlyNY Launch Party
9,7,326769,420 2026 OnlyNY Launch Party
10,7,326769,420 2026 OnlyNY Launch Party
11,8,326769,420 2026 OnlyNY Launch Party
12,8,326769,420 2026 OnlyNY Launch Party
13,8,326769,420 2026 OnlyNY Launch Party
14,8,326769,420 2026 OnlyNY Launch Party
15,8,326769,420 2026 OnlyNY Launch Party
16,9,326769,420 2026 OnlyNY Launch Party
17,9,326769,420 2026 OnlyNY Launch Party
18,9,326769,420 2026 OnlyNY Launch Party
19,9,326769,420 2026 OnlyNY Launch Party
20,9,326769,420 2026 OnlyNY Launch Party
21,9,326769,420 2026 OnlyNY Launch Party
22,9,326769,420 2026 OnlyNY Launch Party
23,9,326769,420 2026 OnlyNY Launch Party
24,9,326769,420 2026 OnlyNY Launch Party
25,9,326769,420 2026 OnlyNY Launch Party
26,9,326769,420 2026 OnlyNY Launch Party
27,10,326769,420 2026 OnlyNY Launch Party
28,10,326769,420 2026 OnlyNY Launch Party
29,10,326769,420 2026 OnlyNY Launch Party
30,10,326769,420 2026 OnlyNY Launch Party
31,10,326769,420 2026 OnlyNY Launch Party
32,10,326769,420 2026 OnlyNY Launch Party
33,11,326769,420 2026 OnlyNY Launch Party
34,11,326769,420 2026 OnlyNY Launch Party
35,11,326769,420 2026 OnlyNY Launch Party
36,11,326769,420 2026 OnlyNY Launch Party
37,11,326769,420 2026 OnlyNY Launch Party
38,11,326769,420 2026 OnlyNY Launch Party
39,11,326769,420 2026 OnlyNY Launch Party
40,11,326769,420 2026 OnlyNY Launch Party
41,11,326769,420 2026 OnlyNY Launch Party
42,12,326769,420 2026 OnlyNY Launch Party
43,12,326769,420 2026 OnlyNY Launch Party
44,12,326769,420 2026 OnlyNY Launch Party
45,12,326769,420 2026 OnlyNY Launch Party
46,12,326769,420 2026 OnlyNY Launch Party
47,13,326769,420 2026 OnlyNY Launch Party
48,13,326769,420 2026 OnlyNY Launch Party
49,13,326769,420 2026 OnlyNY Launch Party
50,13,326769,420 2026 OnlyNY Launch Party
51,13,326769,420 2026 OnlyNY Launch Party
52,13,326769,420 2026 OnlyNY Launch Party
53,13,326769,420 2026 OnlyNY Launch Party
54,13,326769,420 2026 OnlyNY Launch Party
55,13,326769,420 2026 OnlyNY Launch Party
56,13,326769,420 2026 OnlyNY Launch Party
57,13,326769,420 2026 OnlyNY Launch Party
58,14,326769,420 2026 OnlyNY Launch Party
59,14,326769,420 2026 OnlyNY Launch Party
60,14,326769,420 2026 OnlyNY Launch Party
61,14,326769,420 2026 OnlyNY Launch Party
62,14,326769,420 2026 OnlyNY Launch Party
63,14,326769,420 2026 OnlyNY Launch Party
64,14,326769,420 2026 OnlyNY Launch Party
65,14,326769,420 2026 OnlyNY Launch Party
66,15,326769,420 2026 OnlyNY Launch Party
67,15,326769,420 2026 OnlyNY Launch Party
68,15,326769,420 2026 OnlyNY Launch Party
69,15,326769,420 2026 OnlyNY Launch Party
70,15,326769,420 2026 OnlyNY Launch Party
71,15,326769,420 2026 OnlyNY Launch Party
72,15,326769,420 2026 OnlyNY Launch Party
73,15,326769,420 2026 OnlyNY Launch Party
74,15,326769,420 2026 OnlyNY Launch Party
75,15,326769,420 2026 OnlyNY Launch Party
76,15,326769,420 2026 OnlyNY Launch Party
77,15,326769,420 2026 OnlyNY Launch Party
78,15,326769,420 2026 OnlyNY Launch Party
79,15,326769,420 2026 OnlyNY Launch Party
80,15,326769,420 2026 OnlyNY Launch Party
81,15,326769,420 2026 OnlyNY Launch Party
82,15,326769,420 2026 OnlyNY Launch Party
83,15,326769,420 2026 OnlyNY Launch Party
84,15,326769,420 2026 OnlyNY Launch Party
85,15,326769,420 2026 OnlyNY Launch Party
86,15,326769,420 2026 OnlyNY Launch Party
87,15,326769,420 2026 OnlyNY Launch Party
88,15,326769,420 2026 OnlyNY Launch Party
89,15,326769,420 2026 OnlyNY Launch Party
90,15,326769,420 2026 OnlyNY Launch Party
1,7,327544,420 2026 OnlyNY Launch Party
2,13,327544,420 2026 OnlyNY Launch Party
3,17,327544,420 2026 OnlyNY Launch Party
4,31,327544,420 2026 OnlyNY Launch Party
5,34,327544,420 2026 OnlyNY Launch Party
6,37,327544,420 2026 OnlyNY Launch Party
7,39,327544,420 2026 OnlyNY Launch Party
8,40,327544,420 2026 OnlyNY Launch Party
9,41,327544,420 2026 OnlyNY Launch Party
10,44,327544,420 2026 OnlyNY Launch Party
11,46,327544,420 2026 OnlyNY Launch Party
12,50,327544,420 2026 OnlyNY Launch Party
13,50,327544,420 2026 OnlyNY Launch Party
14,50,327544,420 2026 OnlyNY Launch Party
15,50,327544,420 2026 OnlyNY Launch Party
16,52,327544,420 2026 OnlyNY Launch Party
17,53,327544,420 2026 OnlyNY Launch Party
18,55,327544,420 2026 OnlyNY Launch Party
19,55,327544,420 2026 OnlyNY Launch Party
20,55,327544,420 2026 OnlyNY Launch Party
21,57,327544,420 2026 OnlyNY Launch Party
22,60,327544,420 2026 OnlyNY Launch Party
23,62,327544,420 2026 OnlyNY Launch Party
24,63,327544,420 2026 OnlyNY Launch Party
25,63,327544,420 2026 OnlyNY Launch Party
26,63,327544,420 2026 OnlyNY Launch Party
27,64,327544,420 2026 OnlyNY Launch Party
28,65,327544,420 2026 OnlyNY Launch Party
29,65,327544,420 2026 OnlyNY Launch Party
30,67,327544,420 2026 OnlyNY Launch Party
31,67,327544,420 2026 OnlyNY Launch Party
32,68,327544,420 2026 OnlyNY Launch Party
33,68,327544,420 2026 OnlyNY Launch Party
34,68,327544,420 2026 OnlyNY Launch Party
35,70,327544,420 2026 OnlyNY Launch Party
36,70,327544,420 2026 OnlyNY Launch Party
37,70,327544,420 2026 OnlyNY Launch Party
38,71,327544,420 2026 OnlyNY Launch Party
39,71,327544,420 2026 OnlyNY Launch Party
40,71,327544,420 2026 OnlyNY Launch Party
41,72,327544,420 2026 OnlyNY Launch Party
42,73,327544,420 2026 OnlyNY Launch Party
43,73,327544,420 2026 OnlyNY Launch Party
44,75,327544,420 2026 OnlyNY Launch Party
45,76,327544,420 2026 OnlyNY Launch Party
46,76,327544,420 2026 OnlyNY Launch Party
47,76,327544,420 2026 OnlyNY Launch Party
48,76,327544,420 2026 OnlyNY Launch Party
49,77,327544,420 2026 OnlyNY Launch Party
50,77,327544,420 2026 OnlyNY Launch Party
51,77,327544,420 2026 OnlyNY Launch Party
52,78,327544,420 2026 OnlyNY Launch Party
53,79,327544,420 2026 OnlyNY Launch Party
54,79,327544,420 2026 OnlyNY Launch Party
55,79,327544,420 2026 OnlyNY Launch Party
56,80,327544,420 2026 OnlyNY Launch Party
57,80,327544,420 2026 OnlyNY Launch Party
58,81,327544,420 2026 OnlyNY Launch Party
59,82,327544,420 2026 OnlyNY Launch Party
60,82,327544,420 2026 OnlyNY Launch Party
61,83,327544,420 2026 OnlyNY Launch Party
62,85,327544,420 2026 OnlyNY Launch Party
63,85,327544,420 2026 OnlyNY Launch Party
64,86,327544,420 2026 OnlyNY Launch Party
65,86,327544,420 2026 OnlyNY Launch Party
66,88,327544,420 2026 OnlyNY Launch Party
67,88,327544,420 2026 OnlyNY Launch Party
68,88,327544,420 2026 OnlyNY Launch Party
69,90,327544,420 2026 OnlyNY Launch Party
70,90,327544,420 2026 OnlyNY Launch Party
71,90,327544,420 2026 OnlyNY Launch Party
72,91,327544,420 2026 OnlyNY Launch Party
73,92,327544,420 2026 OnlyNY Launch Party
74,92,327544,420 2026 OnlyNY Launch Party
75,92,327544,420 2026 OnlyNY Launch Party
76,92,327544,420 2026 OnlyNY Launch Party
77,92,327544,420 2026 OnlyNY Launch Party
78,93,327544,420 2026 OnlyNY Launch Party
79,93,327544,420 2026 OnlyNY Launch Party
80,93,327544,420 2026 OnlyNY Launch Party
81,93,327544,420 2026 OnlyNY Launch Party
82,93,327544,420 2026 OnlyNY Launch Party
83,93,327544,420 2026 OnlyNY Launch Party
84,93,327544,420 2026 OnlyNY Launch Party
85,93,327544,420 2026 OnlyNY Launch Party
86,94,327544,420 2026 OnlyNY Launch Party
87,94,327544,420 2026 OnlyNY Launch Party
88,94,327544,420 2026 OnlyNY Launch Party
89,94,327544,420 2026 OnlyNY Launch Party
90,94,327544,420 2026 OnlyNY Launch Party
1,5,329291,"Back to Cool x Cloud Bar (spans 4 stores, Sept 2025)"
2,6,329291,"Back to Cool x Cloud Bar (spans 4 stores, Sept 2025)"
3,9,329291,"Back to Cool x Cloud Bar (spans 4 stores, Sept 2025)"
4,10,329291,"Back to Cool x Cloud Bar (spans 4 stores, Sept 2025)"
5,10,329291,"Back to Cool x Cloud Bar (spans 4 stores, Sept 2025)"
6,14,329291,"Back to Cool x Cloud Bar (spans 4 stores, Sept 2025)"
7,17,329291,"Back to Cool x Cloud Bar (spans 4 stores, Sept 2025)"
8,23,329291,"Back to Cool x Cloud Bar (spans 4 stores, Sept 2025)"
9,23,329291,"Back to Cool x Cloud Bar (spans 4 stores, Sept 2025)"
10,23,329291,"Back to Cool x Cloud Bar (spans 4 stores, Sept 2025)"
11,23,329291,"Back to Cool x Cloud Bar (spans 4 stores, Sept 2025)"
12,24,329291,"Back to Cool x Cloud Bar (spans 4 stores, Sept 2025)"
13,25,329291,"Back to Cool x Cloud Bar (spans 4 stores, Sept 2025)"
14,26,329291,"Back to Cool x Cloud Bar (spans 4 stores, Sept 2025)"
15,27,329291,"Back to Cool x Cloud Bar (spans 4 stores, Sept 2025)"
16,27,329291,"Back to Cool x Cloud Bar (spans 4 stores, Sept 2025)"
17,28,329291,"Back to Cool x Cloud Bar (spans 4 stores, Sept 2025)"
18,28,329291,"Back to Cool x Cloud Bar (spans 4 stores, Sept 2025)"
19,28,329291,"Back to Cool x Cloud Bar (spans 4 stores, Sept 2025)"
20,29,329291,"Back to Cool x Cloud Bar (spans 4 stores, Sept 2025)"
21,32,329291,"Back to Cool x Cloud Bar (spans 4 stores, Sept 2025)"
22,34,329291,"Back to Cool x Cloud Bar (spans 4 stores, Sept 2025)"
23,35,329291,"Back to Cool x Cloud Bar (spans 4 stores, Sept 2025)"
24,35,329291,"Back to Cool x Cloud Bar (spans 4 stores, Sept 2025)"
25,35,329291,"Back to Cool x Cloud Bar (spans 4 stores, Sept 2025)"
26,35,329291,"Back to Cool x Cloud Bar (spans 4 stores, Sept 2025)"
27,35,329291,"Back to Cool x Cloud Bar (spans 4 stores, Sept 2025)"
28,35,329291,"Back to Cool x Cloud Bar (spans 4 stores, Sept 2025)"
29,37,329291,"Back to Cool x Cloud Bar (spans 4 stores, Sept 2025)"
30,37,329291,"Back to Cool x Cloud Bar (spans 4 stores, Sept 2025)"
31,37,329291,"Back to Cool x Cloud Bar (spans 4 stores, Sept 2025)"
32,37,329291,"Back to Cool x Cloud Bar (spans 4 stores, Sept 2025)"
33,37,329291,"Back to Cool x Cloud Bar (spans 4 stores, Sept 2025)"
34,37,329291,"Back to Cool x Cloud Bar (spans 4 stores, Sept 2025)"
35,37,329291,"Back to Cool x Cloud Bar (spans 4 stores, Sept 2025)"
36,37,329291,"Back to Cool x Cloud Bar (spans 4 stores, Sept 2025)"
37,37,329291,"Back to Cool x Cloud Bar (spans 4 stores, Sept 2025)"
38,37,329291,"Back to Cool x Cloud Bar (spans 4 stores, Sept 2025)"
39,37,329291,"Back to Cool x Cloud Bar (spans 4 stores, Sept 2025)"
40,37,329291,"Back to Cool x Cloud Bar (spans 4 stores, Sept 2025)"
41,38,329291,"Back to Cool x Cloud Bar (spans 4 stores, Sept 2025)"
42,39,329291,"Back to Cool x Cloud Bar (spans 4 stores, Sept 2025)"
43,39,329291,"Back to Cool x Cloud Bar (spans 4 stores, Sept 2025)"
44,39,329291,"Back to Cool x Cloud Bar (spans 4 stores, Sept 2025)"
45,39,329291,"Back to Cool x Cloud Bar (spans 4 stores, Sept 2025)"
46,39,329291,"Back to Cool x Cloud Bar (spans 4 stores, Sept 2025)"
47,39,329291,"Back to Cool x Cloud Bar (spans 4 stores, Sept 2025)"
48,39,329291,"Back to Cool x Cloud Bar (spans 4 stores, Sept 2025)"
49,39,329291,"Back to Cool x Cloud Bar (spans 4 stores, Sept 2025)"
50,39,329291,"Back to Cool x Cloud Bar (spans 4 stores, Sept 2025)"
51,39,329291,"Back to Cool x Cloud Bar (spans 4 stores, Sept 2025)"
52,39,329291,"Back to Cool x Cloud Bar (spans 4 stores, Sept 2025)"
53,39,329291,"Back to Cool x Cloud Bar (spans 4 stores, Sept 2025)"
54,39,329291,"Back to Cool x Cloud Bar (spans 4 stores, Sept 2025)"
55,40,329291,"Back to Cool x Cloud Bar (spans 4 stores, Sept 2025)"
56,40,329291,"Back to Cool x Cloud Bar (spans 4 stores, Sept 2025)"
57,40,329291,"Back to Cool x Cloud Bar (spans 4 stores, Sept 2025)"
58,40,329291,"Back to Cool x Cloud Bar (spans 4 stores, Sept 2025)"
59,40,329291,"Back to Cool x Cloud Bar (spans 4 stores, Sept 2025)"
60,41,329291,"Back to Cool x Cloud Bar (spans 4 stores, Sept 2025)"
61,41,329291,"Back to Cool x Cloud Bar (spans 4 stores, Sept 2025)"
62,41,329291,"Back to Cool x Cloud Bar (spans 4 stores, Sept 2025)"
63,41,329291,"Back to Cool x Cloud Bar (spans 4 stores, Sept 2025)"
64,42,329291,"Back to Cool x Cloud Bar (spans 4 stores, Sept 2025)"
65,42,329291,"Back to Cool x Cloud Bar (spans 4 stores, Sept 2025)"
66,42,329291,"Back to Cool x Cloud Bar (spans 4 stores, Sept 2025)"
67,42,329291,"Back to Cool x Cloud Bar (spans 4 stores, Sept 2025)"
68,42,329291,"Back to Cool x Cloud Bar (spans 4 stores, Sept 2025)"
69,43,329291,"Back to Cool x Cloud Bar (spans 4 stores, Sept 2025)"
70,43,329291,"Back to Cool x Cloud Bar (spans 4 stores, Sept 2025)"
71,45,329291,"Back to Cool x Cloud Bar (spans 4 stores, Sept 2025)"
72,45,329291,"Back to Cool x Cloud Bar (spans 4 stores, Sept 2025)"
73,45,329291,"Back to Cool x Cloud Bar (spans 4 stores, Sept 2025)"
74,45,329291,"Back to Cool x Cloud Bar (spans 4 stores, Sept 2025)"
75,45,329291,"Back to Cool x Cloud Bar (spans 4 stores, Sept 2025)"
76,45,329291,"Back to Cool x Cloud Bar (spans 4 stores, Sept 2025)"
77,45,329291,"Back to Cool x Cloud Bar (spans 4 stores, Sept 2025)"
78,45,329291,"Back to Cool x Cloud Bar (spans 4 stores, Sept 2025)"
79,45,329291,"Back to Cool x Cloud Bar (spans 4 stores, Sept 2025)"
80,45,329291,"Back to Cool x Cloud Bar (spans 4 stores, Sept 2025)"
81,45,329291,"Back to Cool x Cloud Bar (spans 4 stores, Sept 2025)"
82,45,329291,"Back to Cool x Cloud Bar (spans 4 stores, Sept 2025)"
83,45,329291,"Back to Cool x Cloud Bar (spans 4 stores, Sept 2025)"
84,45,329291,"Back to Cool x Cloud Bar (spans 4 stores, Sept 2025)"
85,45,329291,"Back to Cool x Cloud Bar (spans 4 stores, Sept 2025)"
86,45,329291,"Back to Cool x Cloud Bar (spans 4 stores, Sept 2025)"
87,45,329291,"Back to Cool x Cloud Bar (spans 4 stores, Sept 2025)"
88,45,329291,"Back to Cool x Cloud Bar (spans 4 stores, Sept 2025)"
89,45,329291,"Back to Cool x Cloud Bar (spans 4 stores, Sept 2025)"
90,46,329291,"Back to Cool x Cloud Bar (spans 4 stores, Sept 2025)"
1,0,333871,"TRAY TABLES UP w. Litclub Founder, Kelly"
2,0,333871,"TRAY TABLES UP w. Litclub Founder, Kelly"
3,0,333871,"TRAY TABLES UP w. Litclub Founder, Kelly"
4,0,333871,"TRAY TABLES UP w. Litclub Founder, Kelly"
5,0,333871,"TRAY TABLES UP w. Litclub Founder, Kelly"
6,0,333871,"TRAY TABLES UP w. Litclub Founder, Kelly"
7,0,333871,"TRAY TABLES UP w. Litclub Founder, Kelly"
8,0,333871,"TRAY TABLES UP w. Litclub Founder, Kelly"
9,0,333871,"TRAY TABLES UP w. Litclub Founder, Kelly"
10,0,333871,"TRAY TABLES UP w. Litclub Founder, Kelly"
11,0,333871,"TRAY TABLES UP w. Litclub Founder, Kelly"
12,0,333871,"TRAY TABLES UP w. Litclub Founder, Kelly"
13,0,333871,"TRAY TABLES UP w. Litclub Founder, Kelly"
14,0,333871,"TRAY TABLES UP w. Litclub Founder, Kelly"
15,0,333871,"TRAY TABLES UP w. Litclub Founder, Kelly"
16,1,333871,"TRAY TABLES UP w. Litclub Founder, Kelly"
17,1,333871,"TRAY TABLES UP w. Litclub Founder, Kelly"
18,1,333871,"TRAY TABLES UP w. Litclub Founder, Kelly"
19,1,333871,"TRAY TABLES UP w. Litclub Founder, Kelly"
20,1,333871,"TRAY TABLES UP w. Litclub Founder, Kelly"
21,1,333871,"TRAY TABLES UP w. Litclub Founder, Kelly"
22,1,333871,"TRAY TABLES UP w. Litclub Founder, Kelly"
23,1,333871,"TRAY TABLES UP w. Litclub Founder, Kelly"
24,1,333871,"TRAY TABLES UP w. Litclub Founder, Kelly"
25,1,333871,"TRAY TABLES UP w. Litclub Founder, Kelly"
26,1,333871,"TRAY TABLES UP w. Litclub Founder, Kelly"
27,1,333871,"TRAY TABLES UP w. Litclub Founder, Kelly"
28,1,333871,"TRAY TABLES UP w. Litclub Founder, Kelly"
29,1,333871,"TRAY TABLES UP w. Litclub Founder, Kelly"
30,1,333871,"TRAY TABLES UP w. Litclub Founder, Kelly"
31,1,333871,"TRAY TABLES UP w. Litclub Founder, Kelly"
32,1,333871,"TRAY TABLES UP w. Litclub Founder, Kelly"
33,2,333871,"TRAY TABLES UP w. Litclub Founder, Kelly"
34,2,333871,"TRAY TABLES UP w. Litclub Founder, Kelly"
35,2,333871,"TRAY TABLES UP w. Litclub Founder, Kelly"
36,2,333871,"TRAY TABLES UP w. Litclub Founder, Kelly"
37,2,333871,"TRAY TABLES UP w. Litclub Founder, Kelly"
38,2,333871,"TRAY TABLES UP w. Litclub Founder, Kelly"
39,2,333871,"TRAY TABLES UP w. Litclub Founder, Kelly"
40,2,333871,"TRAY TABLES UP w. Litclub Founder, Kelly"
41,2,333871,"TRAY TABLES UP w. Litclub Founder, Kelly"
42,2,333871,"TRAY TABLES UP w. Litclub Founder, Kelly"
43,2,333871,"TRAY TABLES UP w. Litclub Founder, Kelly"
44,2,333871,"TRAY TABLES UP w. Litclub Founder, Kelly"
45,2,333871,"TRAY TABLES UP w. Litclub Founder, Kelly"
46,2,333871,"TRAY TABLES UP w. Litclub Founder, Kelly"
47,2,333871,"TRAY TABLES UP w. Litclub Founder, Kelly"
48,2,333871,"TRAY TABLES UP w. Litclub Founder, Kelly"
49,2,333871,"TRAY TABLES UP w. Litclub Founder, Kelly"
50,2,333871,"TRAY TABLES UP w. Litclub Founder, Kelly"
51,2,333871,"TRAY TABLES UP w. Litclub Founder, Kelly"
52,2,333871,"TRAY TABLES UP w. Litclub Founder, Kelly"
53,2,333871,"TRAY TABLES UP w. Litclub Founder, Kelly"
54,2,333871,"TRAY TABLES UP w. Litclub Founder, Kelly"
55,2,333871,"TRAY TABLES UP w. Litclub Founder, Kelly"
56,2,333871,"TRAY TABLES UP w. Litclub Founder, Kelly"
57,2,333871,"TRAY TABLES UP w. Litclub Founder, Kelly"
58,2,333871,"TRAY TABLES UP w. Litclub Founder, Kelly"
59,2,333871,"TRAY TABLES UP w. Litclub Founder, Kelly"
60,2,333871,"TRAY TABLES UP w. Litclub Founder, Kelly"
61,2,333871,"TRAY TABLES UP w. Litclub Founder, Kelly"
62,2,333871,"TRAY TABLES UP w. Litclub Founder, Kelly"
63,2,333871,"TRAY TABLES UP w. Litclub Founder, Kelly"
64,2,333871,"TRAY TABLES UP w. Litclub Founder, Kelly"
65,2,333871,"TRAY TABLES UP w. Litclub Founder, Kelly"
66,2,333871,"TRAY TABLES UP w. Litclub Founder, Kelly"
67,2,333871,"TRAY TABLES UP w. Litclub Founder, Kelly"
68,2,333871,"TRAY TABLES UP w. Litclub Founder, Kelly"
69,2,333871,"TRAY TABLES UP w. Litclub Founder, Kelly"
70,2,333871,"TRAY TABLES UP w. Litclub Founder, Kelly"
71,2,333871,"TRAY TABLES UP w. Litclub Founder, Kelly"
72,2,333871,"TRAY TABLES UP w. Litclub Founder, Kelly"
73,2,333871,"TRAY TABLES UP w. Litclub Founder, Kelly"
74,2,333871,"TRAY TABLES UP w. Litclub Founder, Kelly"
75,2,333871,"TRAY TABLES UP w. Litclub Founder, Kelly"
76,2,333871,"TRAY TABLES UP w. Litclub Founder, Kelly"
77,2,333871,"TRAY TABLES UP w. Litclub Founder, Kelly"
78,2,333871,"TRAY TABLES UP w. Litclub Founder, Kelly"
79,2,333871,"TRAY TABLES UP w. Litclub Founder, Kelly"
80,2,333871,"TRAY TABLES UP w. Litclub Founder, Kelly"
81,2,333871,"TRAY TABLES UP w. Litclub Founder, Kelly"
82,2,333871,"TRAY TABLES UP w. Litclub Founder, Kelly"
83,2,333871,"TRAY TABLES UP w. Litclub Founder, Kelly"
84,2,333871,"TRAY TABLES UP w. Litclub Founder, Kelly"
85,2,333871,"TRAY TABLES UP w. Litclub Founder, Kelly"
86,2,333871,"TRAY TABLES UP w. Litclub Founder, Kelly"
87,2,333871,"TRAY TABLES UP w. Litclub Founder, Kelly"
88,2,333871,"TRAY TABLES UP w. Litclub Founder, Kelly"
89,2,333871,"TRAY TABLES UP w. Litclub Founder, Kelly"
90,2,333871,"TRAY TABLES UP w. Litclub Founder, Kelly"
1,0,333969,High Notes Live #1
2,1,333969,High Notes Live #1
3,1,333969,High Notes Live #1
4,1,333969,High Notes Live #1
5,1,333969,High Notes Live #1
6,1,333969,High Notes Live #1
7,1,333969,High Notes Live #1
8,3,333969,High Notes Live #1
9,3,333969,High Notes Live #1
10,4,333969,High Notes Live #1
11,4,333969,High Notes Live #1
12,4,333969,High Notes Live #1
13,5,333969,High Notes Live #1
14,5,333969,High Notes Live #1
15,5,333969,High Notes Live #1
16,5,333969,High Notes Live #1
17,5,333969,High Notes Live #1
18,5,333969,High Notes Live #1
19,5,333969,High Notes Live #1
20,6,333969,High Notes Live #1
21,8,333969,High Notes Live #1
22,8,333969,High Notes Live #1
23,8,333969,High Notes Live #1
24,8,333969,High Notes Live #1
25,8,333969,High Notes Live #1
26,8,333969,High Notes Live #1
27,8,333969,High Notes Live #1
28,8,333969,High Notes Live #1
29,8,333969,High Notes Live #1
30,9,333969,High Notes Live #1
31,9,333969,High Notes Live #1
32,9,333969,High Notes Live #1
33,9,333969,High Notes Live #1
34,9,333969,High Notes Live #1
35,9,333969,High Notes Live #1
36,9,333969,High Notes Live #1
37,9,333969,High Notes Live #1
38,10,333969,High Notes Live #1
39,10,333969,High Notes Live #1
40,10,333969,High Notes Live #1
41,10,333969,High Notes Live #1
42,10,333969,High Notes Live #1
43,10,333969,High Notes Live #1
44,10,333969,High Notes Live #1
45,10,333969,High Notes Live #1
46,10,333969,High Notes Live #1
47,10,333969,High Notes Live #1
48,10,333969,High Notes Live #1
49,10,333969,High Notes Live #1
50,10,333969,High Notes Live #1
51,10,333969,High Notes Live #1
52,10,333969,High Notes Live #1
53,10,333969,High Notes Live #1
54,10,333969,High Notes Live #1
55,10,333969,High Notes Live #1
56,10,333969,High Notes Live #1
57,10,333969,High Notes Live #1
58,10,333969,High Notes Live #1
59,10,333969,High Notes Live #1
60,10,333969,High Notes Live #1
61,10,333969,High Notes Live #1
62,10,333969,High Notes Live #1
63,10,333969,High Notes Live #1
64,10,333969,High Notes Live #1
65,10,333969,High Notes Live #1
66,10,333969,High Notes Live #1
67,10,333969,High Notes Live #1
68,10,333969,High Notes Live #1
69,10,333969,High Notes Live #1
70,10,333969,High Notes Live #1
71,10,333969,High Notes Live #1
72,10,333969,High Notes Live #1
73,10,333969,High Notes Live #1
74,10,333969,High Notes Live #1
75,10,333969,High Notes Live #1
76,10,333969,High Notes Live #1
77,10,333969,High Notes Live #1
78,10,333969,High Notes Live #1
79,10,333969,High Notes Live #1
80,10,333969,High Notes Live #1
81,10,333969,High Notes Live #1
82,10,333969,High Notes Live #1
83,10,333969,High Notes Live #1
84,10,333969,High Notes Live #1
85,10,333969,High Notes Live #1
86,10,333969,High Notes Live #1
87,10,333969,High Notes Live #1
88,10,333969,High Notes Live #1
89,10,333969,High Notes Live #1
90,10,333969,High Notes Live #1
1,0,334090,Chef Dinner (timeless brand partner loyalty)
2,0,334090,Chef Dinner (timeless brand partner loyalty)
3,1,334090,Chef Dinner (timeless brand partner loyalty)
4,1,334090,Chef Dinner (timeless brand partner loyalty)
5,2,334090,Chef Dinner (timeless brand partner loyalty)
6,2,334090,Chef Dinner (timeless brand partner loyalty)
7,3,334090,Chef Dinner (timeless brand partner loyalty)
8,4,334090,Chef Dinner (timeless brand partner loyalty)
9,4,334090,Chef Dinner (timeless brand partner loyalty)
10,4,334090,Chef Dinner (timeless brand partner loyalty)
11,5,334090,Chef Dinner (timeless brand partner loyalty)
12,5,334090,Chef Dinner (timeless brand partner loyalty)
13,5,334090,Chef Dinner (timeless brand partner loyalty)
14,5,334090,Chef Dinner (timeless brand partner loyalty)
15,5,334090,Chef Dinner (timeless brand partner loyalty)
16,6,334090,Chef Dinner (timeless brand partner loyalty)
17,6,334090,Chef Dinner (timeless brand partner loyalty)
18,6,334090,Chef Dinner (timeless brand partner loyalty)
19,6,334090,Chef Dinner (timeless brand partner loyalty)
20,6,334090,Chef Dinner (timeless brand partner loyalty)
21,6,334090,Chef Dinner (timeless brand partner loyalty)
22,6,334090,Chef Dinner (timeless brand partner loyalty)
23,6,334090,Chef Dinner (timeless brand partner loyalty)
24,6,334090,Chef Dinner (timeless brand partner loyalty)
25,6,334090,Chef Dinner (timeless brand partner loyalty)
26,6,334090,Chef Dinner (timeless brand partner loyalty)
27,6,334090,Chef Dinner (timeless brand partner loyalty)
28,7,334090,Chef Dinner (timeless brand partner loyalty)
29,7,334090,Chef Dinner (timeless brand partner loyalty)
30,7,334090,Chef Dinner (timeless brand partner loyalty)
31,7,334090,Chef Dinner (timeless brand partner loyalty)
32,7,334090,Chef Dinner (timeless brand partner loyalty)
33,7,334090,Chef Dinner (timeless brand partner loyalty)
34,7,334090,Chef Dinner (timeless brand partner loyalty)
35,7,334090,Chef Dinner (timeless brand partner loyalty)
36,7,334090,Chef Dinner (timeless brand partner loyalty)
37,7,334090,Chef Dinner (timeless brand partner loyalty)
38,7,334090,Chef Dinner (timeless brand partner loyalty)
39,7,334090,Chef Dinner (timeless brand partner loyalty)
40,7,334090,Chef Dinner (timeless brand partner loyalty)
41,7,334090,Chef Dinner (timeless brand partner loyalty)
42,7,334090,Chef Dinner (timeless brand partner loyalty)
43,7,334090,Chef Dinner (timeless brand partner loyalty)
44,7,334090,Chef Dinner (timeless brand partner loyalty)
45,7,334090,Chef Dinner (timeless brand partner loyalty)
46,7,334090,Chef Dinner (timeless brand partner loyalty)
47,7,334090,Chef Dinner (timeless brand partner loyalty)
48,7,334090,Chef Dinner (timeless brand partner loyalty)
49,7,334090,Chef Dinner (timeless brand partner loyalty)
50,8,334090,Chef Dinner (timeless brand partner loyalty)
51,8,334090,Chef Dinner (timeless brand partner loyalty)
52,8,334090,Chef Dinner (timeless brand partner loyalty)
53,8,334090,Chef Dinner (timeless brand partner loyalty)
54,8,334090,Chef Dinner (timeless brand partner loyalty)
55,8,334090,Chef Dinner (timeless brand partner loyalty)
56,8,334090,Chef Dinner (timeless brand partner loyalty)
57,8,334090,Chef Dinner (timeless brand partner loyalty)
58,8,334090,Chef Dinner (timeless brand partner loyalty)
59,8,334090,Chef Dinner (timeless brand partner loyalty)
60,8,334090,Chef Dinner (timeless brand partner loyalty)
61,8,334090,Chef Dinner (timeless brand partner loyalty)
62,9,334090,Chef Dinner (timeless brand partner loyalty)
63,9,334090,Chef Dinner (timeless brand partner loyalty)
64,9,334090,Chef Dinner (timeless brand partner loyalty)
65,9,334090,Chef Dinner (timeless brand partner loyalty)
66,9,334090,Chef Dinner (timeless brand partner loyalty)
67,9,334090,Chef Dinner (timeless brand partner loyalty)
68,9,334090,Chef Dinner (timeless brand partner loyalty)
69,9,334090,Chef Dinner (timeless brand partner loyalty)
70,9,334090,Chef Dinner (timeless brand partner loyalty)
71,9,334090,Chef Dinner (timeless brand partner loyalty)
72,9,334090,Chef Dinner (timeless brand partner loyalty)
73,9,334090,Chef Dinner (timeless brand partner loyalty)
74,9,334090,Chef Dinner (timeless brand partner loyalty)
75,9,334090,Chef Dinner (timeless brand partner loyalty)
76,9,334090,Chef Dinner (timeless brand partner loyalty)
77,9,334090,Chef Dinner (timeless brand partner loyalty)
78,9,334090,Chef Dinner (timeless brand partner loyalty)
79,9,334090,Chef Dinner (timeless brand partner loyalty)
80,9,334090,Chef Dinner (timeless brand partner loyalty)
81,9,334090,Chef Dinner (timeless brand partner loyalty)
82,9,334090,Chef Dinner (timeless brand partner loyalty)
83,9,334090,Chef Dinner (timeless brand partner loyalty)
84,9,334090,Chef Dinner (timeless brand partner loyalty)
85,9,334090,Chef Dinner (timeless brand partner loyalty)
86,9,334090,Chef Dinner (timeless brand partner loyalty)
87,9,334090,Chef Dinner (timeless brand partner loyalty)
88,9,334090,Chef Dinner (timeless brand partner loyalty)
89,9,334090,Chef Dinner (timeless brand partner loyalty)
90,9,334090,Chef Dinner (timeless brand partner loyalty)
1,0,339283,High Notes Live #2
2,1,339283,High Notes Live #2
3,1,339283,High Notes Live #2
4,2,339283,High Notes Live #2
5,2,339283,High Notes Live #2
6,2,339283,High Notes Live #2
7,2,339283,High Notes Live #2
8,2,339283,High Notes Live #2
9,3,339283,High Notes Live #2
10,4,339283,High Notes Live #2
11,4,339283,High Notes Live #2
12,4,339283,High Notes Live #2
13,4,339283,High Notes Live #2
14,4,339283,High Notes Live #2
15,4,339283,High Notes Live #2
16,4,339283,High Notes Live #2
17,5,339283,High Notes Live #2
18,5,339283,High Notes Live #2
19,5,339283,High Notes Live #2
20,5,339283,High Notes Live #2
21,6,339283,High Notes Live #2
22,6,339283,High Notes Live #2
23,6,339283,High Notes Live #2
24,6,339283,High Notes Live #2
25,7,339283,High Notes Live #2
26,7,339283,High Notes Live #2
27,7,339283,High Notes Live #2
28,7,339283,High Notes Live #2
29,7,339283,High Notes Live #2
30,7,339283,High Notes Live #2
31,7,339283,High Notes Live #2
32,7,339283,High Notes Live #2
33,7,339283,High Notes Live #2
34,7,339283,High Notes Live #2
35,7,339283,High Notes Live #2
36,8,339283,High Notes Live #2
37,8,339283,High Notes Live #2
38,8,339283,High Notes Live #2
39,8,339283,High Notes Live #2
40,8,339283,High Notes Live #2
41,8,339283,High Notes Live #2
42,8,339283,High Notes Live #2
43,8,339283,High Notes Live #2
44,8,339283,High Notes Live #2
45,8,339283,High Notes Live #2
46,8,339283,High Notes Live #2
47,8,339283,High Notes Live #2
48,8,339283,High Notes Live #2
49,8,339283,High Notes Live #2
50,8,339283,High Notes Live #2
51,8,339283,High Notes Live #2
52,8,339283,High Notes Live #2
53,8,339283,High Notes Live #2
54,8,339283,High Notes Live #2
55,8,339283,High Notes Live #2
56,8,339283,High Notes Live #2
57,8,339283,High Notes Live #2
58,8,339283,High Notes Live #2
59,8,339283,High Notes Live #2
60,8,339283,High Notes Live #2
61,8,339283,High Notes Live #2
62,8,339283,High Notes Live #2
63,8,339283,High Notes Live #2
64,8,339283,High Notes Live #2
65,8,339283,High Notes Live #2
66,8,339283,High Notes Live #2
67,8,339283,High Notes Live #2
68,8,339283,High Notes Live #2
69,8,339283,High Notes Live #2
70,8,339283,High Notes Live #2
71,8,339283,High Notes Live #2
72,8,339283,High Notes Live #2
73,8,339283,High Notes Live #2
74,8,339283,High Notes Live #2
75,8,339283,High Notes Live #2
76,8,339283,High Notes Live #2
77,8,339283,High Notes Live #2
78,8,339283,High Notes Live #2
79,8,339283,High Notes Live #2
80,8,339283,High Notes Live #2
81,8,339283,High Notes Live #2
82,8,339283,High Notes Live #2
83,8,339283,High Notes Live #2
84,8,339283,High Notes Live #2
85,8,339283,High Notes Live #2
86,8,339283,High Notes Live #2
87,8,339283,High Notes Live #2
88,8,339283,High Notes Live #2
89,8,339283,High Notes Live #2
90,8,339283,High Notes Live #2
1,0,339284,Clear for Takeoff Returns with Whitfit
2,0,339284,Clear for Takeoff Returns with Whitfit
3,0,339284,Clear for Takeoff Returns with Whitfit
4,0,339284,Clear for Takeoff Returns with Whitfit
5,0,339284,Clear for Takeoff Returns with Whitfit
6,0,339284,Clear for Takeoff Returns with Whitfit
7,0,339284,Clear for Takeoff Returns with Whitfit
8,0,339284,Clear for Takeoff Returns with Whitfit
9,0,339284,Clear for Takeoff Returns with Whitfit
10,0,339284,Clear for Takeoff Returns with Whitfit
11,0,339284,Clear for Takeoff Returns with Whitfit
12,0,339284,Clear for Takeoff Returns with Whitfit
13,0,339284,Clear for Takeoff Returns with Whitfit
14,0,339284,Clear for Takeoff Returns with Whitfit
15,0,339284,Clear for Takeoff Returns with Whitfit
16,0,339284,Clear for Takeoff Returns with Whitfit
17,0,339284,Clear for Takeoff Returns with Whitfit
18,0,339284,Clear for Takeoff Returns with Whitfit
19,0,339284,Clear for Takeoff Returns with Whitfit
20,0,339284,Clear for Takeoff Returns with Whitfit
21,0,339284,Clear for Takeoff Returns with Whitfit
22,0,339284,Clear for Takeoff Returns with Whitfit
23,0,339284,Clear for Takeoff Returns with Whitfit
24,0,339284,Clear for Takeoff Returns with Whitfit
25,0,339284,Clear for Takeoff Returns with Whitfit
26,0,339284,Clear for Takeoff Returns with Whitfit
27,1,339284,Clear for Takeoff Returns with Whitfit
28,1,339284,Clear for Takeoff Returns with Whitfit
29,1,339284,Clear for Takeoff Returns with Whitfit
30,1,339284,Clear for Takeoff Returns with Whitfit
31,1,339284,Clear for Takeoff Returns with Whitfit
32,1,339284,Clear for Takeoff Returns with Whitfit
33,1,339284,Clear for Takeoff Returns with Whitfit
34,1,339284,Clear for Takeoff Returns with Whitfit
35,1,339284,Clear for Takeoff Returns with Whitfit
36,1,339284,Clear for Takeoff Returns with Whitfit
37,1,339284,Clear for Takeoff Returns with Whitfit
38,1,339284,Clear for Takeoff Returns with Whitfit
39,1,339284,Clear for Takeoff Returns with Whitfit
40,1,339284,Clear for Takeoff Returns with Whitfit
41,1,339284,Clear for Takeoff Returns with Whitfit
42,1,339284,Clear for Takeoff Returns with Whitfit
43,1,339284,Clear for Takeoff Returns with Whitfit
44,1,339284,Clear for Takeoff Returns with Whitfit
45,1,339284,Clear for Takeoff Returns with Whitfit
46,1,339284,Clear for Takeoff Returns with Whitfit
47,1,339284,Clear for Takeoff Returns with Whitfit
48,1,339284,Clear for Takeoff Returns with Whitfit
49,1,339284,Clear for Takeoff Returns with Whitfit
50,1,339284,Clear for Takeoff Returns with Whitfit
51,1,339284,Clear for Takeoff Returns with Whitfit
52,1,339284,Clear for Takeoff Returns with Whitfit
53,1,339284,Clear for Takeoff Returns with Whitfit
54,1,339284,Clear for Takeoff Returns with Whitfit
55,1,339284,Clear for Takeoff Returns with Whitfit
56,1,339284,Clear for Takeoff Returns with Whitfit
57,1,339284,Clear for Takeoff Returns with Whitfit
58,1,339284,Clear for Takeoff Returns with Whitfit
59,1,339284,Clear for Takeoff Returns with Whitfit
60,1,339284,Clear for Takeoff Returns with Whitfit
61,1,339284,Clear for Takeoff Returns with Whitfit
62,1,339284,Clear for Takeoff Returns with Whitfit
63,1,339284,Clear for Takeoff Returns with Whitfit
64,1,339284,Clear for Takeoff Returns with Whitfit
65,1,339284,Clear for Takeoff Returns with Whitfit
66,1,339284,Clear for Takeoff Returns with Whitfit
67,1,339284,Clear for Takeoff Returns with Whitfit
68,1,339284,Clear for Takeoff Returns with Whitfit
69,1,339284,Clear for Takeoff Returns with Whitfit
70,1,339284,Clear for Takeoff Returns with Whitfit
71,1,339284,Clear for Takeoff Returns with Whitfit
72,1,339284,Clear for Takeoff Returns with Whitfit
73,1,339284,Clear for Takeoff Returns with Whitfit
74,1,339284,Clear for Takeoff Returns with Whitfit
75,1,339284,Clear for Takeoff Returns with Whitfit
76,1,339284,Clear for Takeoff Returns with Whitfit
77,1,339284,Clear for Takeoff Returns with Whitfit
78,1,339284,Clear for Takeoff Returns with Whitfit
79,1,339284,Clear for Takeoff Returns with Whitfit
80,1,339284,Clear for Takeoff Returns with Whitfit
81,1,339284,Clear for Takeoff Returns with Whitfit
82,1,339284,Clear for Takeoff Returns with Whitfit
83,1,339284,Clear for Takeoff Returns with Whitfit
84,1,339284,Clear for Takeoff Returns with Whitfit
85,1,339284,Clear for Takeoff Returns with Whitfit
86,1,339284,Clear for Takeoff Returns with Whitfit
87,1,339284,Clear for Takeoff Returns with Whitfit
88,1,339284,Clear for Takeoff Returns with Whitfit
89,1,339284,Clear for Takeoff Returns with Whitfit
90,1,339284,Clear for Takeoff Returns with Whitfit
1,0,339724,Clear for Takeoff Returns with Whitfit
2,0,339724,Clear for Takeoff Returns with Whitfit
3,0,339724,Clear for Takeoff Returns with Whitfit
4,0,339724,Clear for Takeoff Returns with Whitfit
5,0,339724,Clear for Takeoff Returns with Whitfit
6,1,339724,Clear for Takeoff Returns with Whitfit
7,1,339724,Clear for Takeoff Returns with Whitfit
8,1,339724,Clear for Takeoff Returns with Whitfit
9,1,339724,Clear for Takeoff Returns with Whitfit
10,1,339724,Clear for Takeoff Returns with Whitfit
11,1,339724,Clear for Takeoff Returns with Whitfit
12,1,339724,Clear for Takeoff Returns with Whitfit
13,1,339724,Clear for Takeoff Returns with Whitfit
14,1,339724,Clear for Takeoff Returns with Whitfit
15,1,339724,Clear for Takeoff Returns with Whitfit
16,1,339724,Clear for Takeoff Returns with Whitfit
17,1,339724,Clear for Takeoff Returns with Whitfit
18,1,339724,Clear for Takeoff Returns with Whitfit
19,1,339724,Clear for Takeoff Returns with Whitfit
20,1,339724,Clear for Takeoff Returns with Whitfit
21,1,339724,Clear for Takeoff Returns with Whitfit
22,1,339724,Clear for Takeoff Returns with Whitfit
23,1,339724,Clear for Takeoff Returns with Whitfit
24,1,339724,Clear for Takeoff Returns with Whitfit
25,1,339724,Clear for Takeoff Returns with Whitfit
26,1,339724,Clear for Takeoff Returns with Whitfit
27,1,339724,Clear for Takeoff Returns with Whitfit
28,1,339724,Clear for Takeoff Returns with Whitfit
29,1,339724,Clear for Takeoff Returns with Whitfit
30,1,339724,Clear for Takeoff Returns with Whitfit
31,1,339724,Clear for Takeoff Returns with Whitfit
32,1,339724,Clear for Takeoff Returns with Whitfit
33,1,339724,Clear for Takeoff Returns with Whitfit
34,1,339724,Clear for Takeoff Returns with Whitfit
35,1,339724,Clear for Takeoff Returns with Whitfit
36,1,339724,Clear for Takeoff Returns with Whitfit
37,1,339724,Clear for Takeoff Returns with Whitfit
38,1,339724,Clear for Takeoff Returns with Whitfit
39,1,339724,Clear for Takeoff Returns with Whitfit
40,1,339724,Clear for Takeoff Returns with Whitfit
41,1,339724,Clear for Takeoff Returns with Whitfit
42,1,339724,Clear for Takeoff Returns with Whitfit
43,1,339724,Clear for Takeoff Returns with Whitfit
44,1,339724,Clear for Takeoff Returns with Whitfit
45,1,339724,Clear for Takeoff Returns with Whitfit
46,1,339724,Clear for Takeoff Returns with Whitfit
47,1,339724,Clear for Takeoff Returns with Whitfit
48,1,339724,Clear for Takeoff Returns with Whitfit
49,1,339724,Clear for Takeoff Returns with Whitfit
50,1,339724,Clear for Takeoff Returns with Whitfit
51,1,339724,Clear for Takeoff Returns with Whitfit
52,1,339724,Clear for Takeoff Returns with Whitfit
53,1,339724,Clear for Takeoff Returns with Whitfit
54,1,339724,Clear for Takeoff Returns with Whitfit
55,1,339724,Clear for Takeoff Returns with Whitfit
56,1,339724,Clear for Takeoff Returns with Whitfit
57,1,339724,Clear for Takeoff Returns with Whitfit
58,1,339724,Clear for Takeoff Returns with Whitfit
59,1,339724,Clear for Takeoff Returns with Whitfit
60,1,339724,Clear for Takeoff Returns with Whitfit
61,1,339724,Clear for Takeoff Returns with Whitfit
62,1,339724,Clear for Takeoff Returns with Whitfit
63,1,339724,Clear for Takeoff Returns with Whitfit
64,1,339724,Clear for Takeoff Returns with Whitfit
65,1,339724,Clear for Takeoff Returns with Whitfit
66,1,339724,Clear for Takeoff Returns with Whitfit
67,1,339724,Clear for Takeoff Returns with Whitfit
68,1,339724,Clear for Takeoff Returns with Whitfit
69,1,339724,Clear for Takeoff Returns with Whitfit
70,1,339724,Clear for Takeoff Returns with Whitfit
71,1,339724,Clear for Takeoff Returns with Whitfit
72,1,339724,Clear for Takeoff Returns with Whitfit
73,1,339724,Clear for Takeoff Returns with Whitfit
74,1,339724,Clear for Takeoff Returns with Whitfit
75,1,339724,Clear for Takeoff Returns with Whitfit
76,1,339724,Clear for Takeoff Returns with Whitfit
77,1,339724,Clear for Takeoff Returns with Whitfit
78,1,339724,Clear for Takeoff Returns with Whitfit
79,1,339724,Clear for Takeoff Returns with Whitfit
80,1,339724,Clear for Takeoff Returns with Whitfit
81,1,339724,Clear for Takeoff Returns with Whitfit
82,1,339724,Clear for Takeoff Returns with Whitfit
83,1,339724,Clear for Takeoff Returns with Whitfit
84,1,339724,Clear for Takeoff Returns with Whitfit
85,1,339724,Clear for Takeoff Returns with Whitfit
86,1,339724,Clear for Takeoff Returns with Whitfit
87,1,339724,Clear for Takeoff Returns with Whitfit
88,1,339724,Clear for Takeoff Returns with Whitfit
89,1,339724,Clear for Takeoff Returns with Whitfit
90,1,339724,Clear for Takeoff Returns with Whitfit
