event_id,airtable_record_id,event_name,event_date,event_type,series,brand_partners,internal_external,store_key,is_offsite,n_stores,has_control,cost_state,cost_recorded,direct_cost,shared_cost_allocated,gross_cost,brand_offset,net_tta_cost,shared_lines,expected_attendance,expected_attendance_raw,event_date_export,shared_cost_allocated_export,gross_cost_export,net_tta_cost_export,realloc_delta,built_at
recYQJJL2gbnI0FVQ-4,recYQJJL2gbnI0FVQ,Amy Sedaris Celebrity Guest Budtender,2023-09-26,TTA Brand Event,One-off,"",Internal,4,false,1,true,no_budget_linked,false,,,,,,0,,,2023-09-26,,,,0.0,2026-09-04 16:04:02.844652
recUhOBY1SDHjgkVP-4,recUhOBY1SDHjgkVP,Miss Grass Faces of Cannabis Gallery,2023-12-06,In-Store Activation,One-off,Miss Grass,Internal,4,false,1,true,no_budget_linked,false,,,,,,0,,,2023-12-06,,,,0.0,2026-09-04 16:04:02.844652
recY6FtQN5EjhArkG-1,recY6FtQN5EjhArkG,High + Cuisine: Cannacurious Supper Club,2024-01-24,TTA Brand Event,One-off,"",External,1,false,1,true,no_budget_linked,false,,,,,,0,,,2024-01-24,,,,0.0,2026-09-04 16:04:02.844652
recY6FtQN5EjhArkG-0,recY6FtQN5EjhArkG,High + Cuisine: Cannacurious Supper Club,2024-01-24,TTA Brand Event,One-off,"",External,0,true,1,false,no_budget_linked,false,,,,,,0,,,2024-01-24,,,,0.0,2026-09-04 16:04:02.844652
reccvhUL0Yuokw4yz-4,reccvhUL0Yuokw4yz,Edible NY: Lunar New Year,2024-02-06,Community Programming,One-off,"",External,4,false,1,true,no_budget_linked,false,,,,,,0,,,2024-02-06,,,,0.0,2026-09-04 16:04:02.844652
reccvhUL0Yuokw4yz-0,reccvhUL0Yuokw4yz,Edible NY: Lunar New Year,2024-02-06,Community Programming,One-off,"",External,0,true,1,false,no_budget_linked,false,,,,,,0,,,2024-02-06,,,,0.0,2026-09-04 16:04:02.844652
recBeTdQT84UeqFjc-4,recBeTdQT84UeqFjc,Edie Parker: The Devil's Lettuce,2024-02-09,Community Programming,One-off,Edie Parker,External,4,false,1,true,no_budget_linked,false,,,,,,0,,,2024-02-09,,,,0.0,2026-09-04 16:04:02.844652
recBeTdQT84UeqFjc-0,recBeTdQT84UeqFjc,Edie Parker: The Devil's Lettuce,2024-02-09,Community Programming,One-off,Edie Parker,External,0,true,1,false,no_budget_linked,false,,,,,,0,,,2024-02-09,,,,0.0,2026-09-04 16:04:02.844652
recCm6Ld9Z91KyLx0-4,recCm6Ld9Z91KyLx0,Tony Greenhand: Celebrity Joint Rolling,2024-02-15,In-Store Activation,One-off,"",Internal,4,false,1,true,no_budget_linked,false,,,,,,0,,,2024-02-15,,,,0.0,2026-09-04 16:04:02.844652
recogGy1T6gkpzxy1-4,recogGy1T6gkpzxy1,Weed Auntie Womxn Empowerment Brunch,2024-02-17,Community Programming,One-off,"",External,4,false,2,true,no_budget_linked,false,,,,,,0,,,2024-02-17,,,,0.0,2026-09-04 16:04:02.844652
recogGy1T6gkpzxy1-1,recogGy1T6gkpzxy1,Weed Auntie Womxn Empowerment Brunch,2024-02-17,Community Programming,One-off,"",External,1,false,2,true,no_budget_linked,false,,,,,,0,,,2024-02-17,,,,0.0,2026-09-04 16:04:02.844652
recogGy1T6gkpzxy1-0,recogGy1T6gkpzxy1,Weed Auntie Womxn Empowerment Brunch,2024-02-17,Community Programming,One-off,"",External,0,true,2,false,no_budget_linked,false,,,,,,0,,,2024-02-17,,,,0.0,2026-09-04 16:04:02.844652
rec5CZF24DbCQpoUo-4,rec5CZF24DbCQpoUo,Asian Cannabis Roundtable: Lunar New Year 24,2024-02-24,Community Programming,One-off,"",External,4,false,1,true,no_budget_linked,false,,,,,,0,,,2024-02-24,,,,0.0,2026-09-04 16:04:02.844652
rec5CZF24DbCQpoUo-0,rec5CZF24DbCQpoUo,Asian Cannabis Roundtable: Lunar New Year 24,2024-02-24,Community Programming,One-off,"",External,0,true,1,false,no_budget_linked,false,,,,,,0,,,2024-02-24,,,,0.0,2026-09-04 16:04:02.844652
rec9pNL0LSQuod5Om-1,rec9pNL0LSQuod5Om,Blessed & Highly Flavored: BHM Dinner,2024-02-28,TTA Brand Event,One-off,"Weekenders,Chef for Higher,B Noble,House of Puff",External,1,false,1,true,no_budget_linked,false,,,,,,0,,,2024-02-28,,,,0.0,2026-09-04 16:04:02.844652
recoDcjlqu4HdFXtn-1,recoDcjlqu4HdFXtn,DTBK Pop-Up: First Look Night 1,2024-03-01,In-Store Activation,One-off,"",Internal,1,false,1,true,no_budget_linked,false,,,,,,0,,,2024-03-01,,,,0.0,2026-09-04 16:04:02.844652
recFF9Dx8bQfR0qnt-1,recFF9Dx8bQfR0qnt,DTBK Pop-Up First Look Night 2,2024-03-02,In-Store Activation,One-off,"",Internal,1,false,1,true,no_budget_linked,false,,,,,,0,,,2024-03-02,,,,0.0,2026-09-04 16:04:02.844652
recwCPaiNcIDIj2YR-1,recwCPaiNcIDIj2YR,Girls Just Wanna Have Funds,2024-03-09,Community Programming,One-off,"",External,1,false,2,true,no_budget_linked,false,,,,,,0,,,2024-03-09,,,,0.0,2026-09-04 16:04:02.844652
recwCPaiNcIDIj2YR-4,recwCPaiNcIDIj2YR,Girls Just Wanna Have Funds,2024-03-09,Community Programming,One-off,"",External,4,false,2,true,no_budget_linked,false,,,,,,0,,,2024-03-09,,,,0.0,2026-09-04 16:04:02.844652
recs47cGkZUjkKYhu-1,recs47cGkZUjkKYhu,Why Are You Single? Comedy Show,2024-03-20,Community Programming,One-off,"",External,1,false,1,true,no_budget_linked,false,,,,,,0,,,2024-03-20,,,,0.0,2026-09-04 16:04:02.844652
recSfSt6KA5plX5fg-4,recSfSt6KA5plX5fg,Queers in Cannabis Happy Hour,2024-03-29,Community Programming,One-off,"Flamer,Drew Martin",External,4,false,2,true,no_budget_linked,false,,,,,,0,,,2024-03-29,,,,0.0,2026-09-04 16:04:02.844652
recSfSt6KA5plX5fg-1,recSfSt6KA5plX5fg,Queers in Cannabis Happy Hour,2024-03-29,Community Programming,One-off,"Flamer,Drew Martin",External,1,false,2,true,no_budget_linked,false,,,,,,0,,,2024-03-29,,,,0.0,2026-09-04 16:04:02.844652
recRjoQ0PUwEwfY04-1,recRjoQ0PUwEwfY04,Go Easy Cloud Adoption: DTBK 1,2024-04-05,In-Store Activation,One-off,Go Easy,Internal,1,false,1,true,no_budget_linked,false,,,,,,0,,,2024-04-05,,,,0.0,2026-09-04 16:04:02.844652
recLP28x5oF9qneKp-4,recLP28x5oF9qneKp,Go Easy Cloud Adoption: USQ,2024-04-06,In-Store Activation,One-off,Go Easy,Internal,4,false,1,true,no_budget_linked,false,,,,,,0,,,2024-04-06,,,,0.0,2026-09-04 16:04:02.844652
recB0K9knbfKLiTc4-1,recB0K9knbfKLiTc4,Go Easy Cloud Adoption: DTBK 2,2024-04-07,In-Store Activation,One-off,"Go Easy,Hudson",Internal,1,false,1,true,no_budget_linked,false,,,,,,0,,,2024-04-07,,,,0.0,2026-09-04 16:04:02.844652
rec5UKQcB8oBGK1i8-1,rec5UKQcB8oBGK1i8,Rage & Release 4/16,2024-04-16,In-Store Activation,One-off,Old Pal,Internal,1,false,1,true,no_budget_linked,false,,,,,,0,,,2024-04-16,,,,0.0,2026-09-04 16:04:02.844652
recJHyP8fi0JYImAJ-4,recJHyP8fi0JYImAJ,High Vibrations at INTER_,2024-04-17,TTA Brand Event,One-off,"Grön,Tune,Sackville & Co,Bloom (The Bloom Brand)",External,4,false,2,true,no_budget_linked,false,,,,,,0,,,2024-04-17,,,,0.0,2026-09-04 16:04:02.844652
recJHyP8fi0JYImAJ-1,recJHyP8fi0JYImAJ,High Vibrations at INTER_,2024-04-17,TTA Brand Event,One-off,"Grön,Tune,Sackville & Co,Bloom (The Bloom Brand)",External,1,false,2,true,no_budget_linked,false,,,,,,0,,,2024-04-17,,,,0.0,2026-09-04 16:04:02.844652
rec6tJJvzfCwcHtwH-4,rec6tJJvzfCwcHtwH,So Many Issues With Lukas: Let's Get Baked,2024-04-18,TTA Brand Event,One-off,Edie Parker,External,4,false,2,true,no_budget_linked,false,,,,,,0,,,2024-04-18,,,,0.0,2026-09-04 16:04:02.844652
rec6tJJvzfCwcHtwH-1,rec6tJJvzfCwcHtwH,So Many Issues With Lukas: Let's Get Baked,2024-04-18,TTA Brand Event,One-off,Edie Parker,External,1,false,2,true,no_budget_linked,false,,,,,,0,,,2024-04-18,,,,0.0,2026-09-04 16:04:02.844652
rec9RgMOvAPetB3TH-1,rec9RgMOvAPetB3TH,Don't Tell Comedy: Dumbo,2024-04-19,Community Programming,One-off,"",External,1,false,1,true,no_budget_linked,false,,,,,,0,,,2024-04-19,,,,0.0,2026-09-04 16:04:02.844652
rec611M1QluGrG1kG-4,rec611M1QluGrG1kG,Don't Tell Comedy: Hell's Kitchen,2024-04-19,Community Programming,One-off,"",External,4,false,2,true,no_budget_linked,false,,,,,,0,,,2024-04-19,,,,0.0,2026-09-04 16:04:02.844652
rec611M1QluGrG1kG-2,rec611M1QluGrG1kG,Don't Tell Comedy: Hell's Kitchen,2024-04-19,Community Programming,One-off,"",External,2,false,2,true,no_budget_linked,false,,,,,,0,,,2024-04-19,,,,0.0,2026-09-04 16:04:02.844652
recUWGWfDSNc7dtJP-1,recUWGWfDSNc7dtJP,420 Radio: DTBK 2024,2024-04-20,In-Store Activation,One-off,Fernway,Internal,1,false,1,true,no_budget_linked,false,,,,,,0,,,2024-04-20,,,,0.0,2026-09-04 16:04:02.844652
recLg7Yfo85NAIBga-4,recLg7Yfo85NAIBga,420 Radio: USQ 2024,2024-04-20,In-Store Activation,One-off,B Noble,Internal,4,false,1,true,no_budget_linked,false,,,,,,0,,,2024-04-20,,,,0.0,2026-09-04 16:04:02.844652
recHZi9zuS6u0qW06-1,recHZi9zuS6u0qW06,420 in Wonderland,2024-04-20,Community Programming,One-off,Off Hours,External,1,false,2,true,no_budget_linked,false,,,,,,0,,,2024-04-20,,,,0.0,2026-09-04 16:04:02.844652
recHZi9zuS6u0qW06-4,recHZi9zuS6u0qW06,420 in Wonderland,2024-04-20,Community Programming,One-off,Off Hours,External,4,false,2,true,no_budget_linked,false,,,,,,0,,,2024-04-20,,,,0.0,2026-09-04 16:04:02.844652
rec6T6WEcqboYKt8b-1,rec6T6WEcqboYKt8b,FLAMER 420 Picnic 2024,2024-04-20,TTA Brand Event,One-off,Flamer,Internal,1,false,1,true,no_budget_linked,false,,,,,,0,,,2024-04-20,,,,0.0,2026-09-04 16:04:02.844652
recCWnfZwlkpKSojY-4,recCWnfZwlkpKSojY,Talib Kweli Secret Show,2024-04-20,TTA Brand Event,One-off,Continental Exotics,External,4,false,1,true,no_budget_linked,false,,,,,,0,,,2024-04-20,,,,0.0,2026-09-04 16:04:02.844652
recm0n1578z3p79lk-4,recm0n1578z3p79lk,Weed & Wellness,2024-04-21,Community Programming,One-off,"",External,4,false,2,true,no_budget_linked,false,,,,,,0,,,2024-04-21,,,,0.0,2026-09-04 16:04:02.844652
recm0n1578z3p79lk-1,recm0n1578z3p79lk,Weed & Wellness,2024-04-21,Community Programming,One-off,"",External,1,false,2,true,no_budget_linked,false,,,,,,0,,,2024-04-21,,,,0.0,2026-09-04 16:04:02.844652
recB6xX52xLXuJYE9-1,recB6xX52xLXuJYE9,Rage & Release 4/23,2024-04-23,In-Store Activation,One-off,Off Hours,Internal,1,false,1,true,no_budget_linked,false,,,,,,0,,,2024-04-23,,,,0.0,2026-09-04 16:04:02.844652
recOFxf6DxXNsxopI-4,recOFxf6DxXNsxopI,Sustainable Stashbox Craft Class,2024-04-27,In-Store Activation,One-off,"",Internal,4,false,1,true,no_budget_linked,false,,,,,,0,,,2024-04-27,,,,0.0,2026-09-04 16:04:02.844652
recH83MuPVx2VtCDn-1,recH83MuPVx2VtCDn,Rage & Release 4/30,2024-04-30,In-Store Activation,One-off,Off Hours,Internal,1,false,1,true,no_budget_linked,false,,,,,,0,,,2024-04-30,,,,0.0,2026-09-04 16:04:02.844652
recexBcN93C2MtDE5-1,recexBcN93C2MtDE5,BAM Spring Gala 2024,2024-05-01,Community Programming,One-off,"",External,1,false,1,true,no_budget_linked,false,,,,,,0,,,2024-05-01,,,,0.0,2026-09-04 16:04:02.844652
recQh8StVmYb3ym6n-1,recQh8StVmYb3ym6n,Nicki Minaj: Free Pizza for Barbz,2024-05-01,Community Programming,One-off,"",External,1,false,1,true,no_budget_linked,false,,,,,,0,,,2024-05-01,,,,0.0,2026-09-04 16:04:02.844652
recmG6KuPs27UbDMD-4,recmG6KuPs27UbDMD,NYC Cannabis Parade,2024-05-04,Community Programming,One-off,"",External,4,false,2,true,no_budget_linked,false,,,,,,0,,,2024-05-04,,,,0.0,2026-09-04 16:04:02.844652
recmG6KuPs27UbDMD-1,recmG6KuPs27UbDMD,NYC Cannabis Parade,2024-05-04,Community Programming,One-off,"",External,1,false,2,true,no_budget_linked,false,,,,,,0,,,2024-05-04,,,,0.0,2026-09-04 16:04:02.844652
recZxrK788PwW1ekd-2,recZxrK788PwW1ekd,Fifth Avenue Concierge Preview,2024-05-07,In-Store Activation,One-off,"",Internal,2,false,1,true,no_budget_linked,false,,,,,,0,,,2024-05-07,,,,0.0,2026-09-04 16:04:02.844652
recpMJG3e9RCmnySg-1,recpMJG3e9RCmnySg,Rage & Release 5/7,2024-05-07,In-Store Activation,One-off,Off Hours,Internal,1,false,1,true,no_budget_linked,false,,,,,,0,,,2024-05-07,,,,0.0,2026-09-04 16:04:02.844652
recPXuVyLXpoFv8oc-2,recPXuVyLXpoFv8oc,Fifth Avenue Ribbon Cutting,2024-05-08,In-Store Activation,One-off,"",Internal,2,false,1,true,no_budget_linked,false,,,,,,0,,,2024-05-08,,,,0.0,2026-09-04 16:04:02.844652
recCVCC7tsrj4cwIY-2,recCVCC7tsrj4cwIY,"Mysha #MotherYourself 2024",2024-05-10,TTA Brand Event,One-off,Chime & Chill,External,2,false,3,true,no_budget_linked,false,,,,,,0,,,2024-05-10,,,,0.0,2026-09-04 16:04:02.844652
recCVCC7tsrj4cwIY-1,recCVCC7tsrj4cwIY,"Mysha #MotherYourself 2024",2024-05-10,TTA Brand Event,One-off,Chime & Chill,External,1,false,3,true,no_budget_linked,false,,,,,,0,,,2024-05-10,,,,0.0,2026-09-04 16:04:02.844652
recCVCC7tsrj4cwIY-4,recCVCC7tsrj4cwIY,"Mysha #MotherYourself 2024",2024-05-10,TTA Brand Event,One-off,Chime & Chill,External,4,false,3,true,no_budget_linked,false,,,,,,0,,,2024-05-10,,,,0.0,2026-09-04 16:04:02.844652
recR6pWLo6S23olQx-4,recR6pWLo6S23olQx,Cannabis & Creativity Film Screening,2024-05-14,In-Store Activation,One-off,Etain,Internal,4,false,1,true,no_budget_linked,false,,,,,,0,,,2024-05-14,,,,0.0,2026-09-04 16:04:02.844652
recDDLsfP9utiAeIY-1,recDDLsfP9utiAeIY,Rage & Release 5/14,2024-05-14,In-Store Activation,One-off,Off Hours,Internal,1,false,1,true,no_budget_linked,false,,,,,,0,,,2024-05-14,,,,0.0,2026-09-04 16:04:02.844652
recnvRJ5nnYdXdRZJ-2,recnvRJ5nnYdXdRZJ,Fifth Avenue First Look Event,2024-05-15,In-Store Activation,One-off,Edie Parker,Internal,2,false,1,true,no_budget_linked,false,,,,,,0,,,2024-05-15,,,,0.0,2026-09-04 16:04:02.844652
recpWtAf1Vu57BUz7-4,recpWtAf1Vu57BUz7,Green Market Report Women in Cannabis Summit,2024-05-16,Community Programming,One-off,"",External,4,false,3,true,no_budget_linked,false,,,,,,0,,,2024-05-16,,,,0.0,2026-09-04 16:04:02.844652
recpWtAf1Vu57BUz7-2,recpWtAf1Vu57BUz7,Green Market Report Women in Cannabis Summit,2024-05-16,Community Programming,One-off,"",External,2,false,3,true,no_budget_linked,false,,,,,,0,,,2024-05-16,,,,0.0,2026-09-04 16:04:02.844652
recpWtAf1Vu57BUz7-1,recpWtAf1Vu57BUz7,Green Market Report Women in Cannabis Summit,2024-05-16,Community Programming,One-off,"",External,1,false,3,true,no_budget_linked,false,,,,,,0,,,2024-05-16,,,,0.0,2026-09-04 16:04:02.844652
recEmUMJp0foKzSeq-1,recEmUMJp0foKzSeq,NYCxDesign Day of Design,2024-05-18,In-Store Activation,One-off,"",Internal,1,false,1,true,no_budget_linked,false,,,,,,0,,,2024-05-18,,,,0.0,2026-09-04 16:04:02.844652
recFWPQm75bt6Xbxn-4,recFWPQm75bt6Xbxn,Musical Theatre Factory: The Factory Function,2024-05-20,Community Programming,One-off,"",External,4,false,3,true,no_budget_linked,false,,,,,,0,,,2024-05-20,,,,0.0,2026-09-04 16:04:02.844652
recFWPQm75bt6Xbxn-1,recFWPQm75bt6Xbxn,Musical Theatre Factory: The Factory Function,2024-05-20,Community Programming,One-off,"",External,1,false,3,true,no_budget_linked,false,,,,,,0,,,2024-05-20,,,,0.0,2026-09-04 16:04:02.844652
recFWPQm75bt6Xbxn-2,recFWPQm75bt6Xbxn,Musical Theatre Factory: The Factory Function,2024-05-20,Community Programming,One-off,"",External,2,false,3,true,no_budget_linked,false,,,,,,0,,,2024-05-20,,,,0.0,2026-09-04 16:04:02.844652
recoRvIVLGxrdR5MG-1,recoRvIVLGxrdR5MG,Rage & Release 5/21,2024-05-21,In-Store Activation,One-off,Off Hours,Internal,1,false,1,true,no_budget_linked,false,,,,,,0,,,2024-05-21,,,,0.0,2026-09-04 16:04:02.844652
recH0urO1UDKxeXIA-1,recH0urO1UDKxeXIA,Rage & Release 5/28,2024-05-28,In-Store Activation,One-off,Off Hours,Internal,1,false,1,true,no_budget_linked,false,,,,,,0,,,2024-05-28,,,,0.0,2026-09-04 16:04:02.844652
recdo6RXLDrP6w1Nd-1,recdo6RXLDrP6w1Nd,Rage & Release 6/4,2024-06-04,In-Store Activation,One-off,Off Hours,Internal,1,false,1,true,no_budget_linked,false,,,,,,0,,,2024-06-04,,,,0.0,2026-09-04 16:04:02.844652
recNuRj44AjKMLt0w-1,recNuRj44AjKMLt0w,Chelsea Devantez & Jon Stewart @ 92Y,2024-06-05,Community Programming,One-off,"",External,1,false,3,true,no_budget_linked,false,,,,,,0,,,2024-06-05,,,,0.0,2026-09-04 16:04:02.844652
recNuRj44AjKMLt0w-2,recNuRj44AjKMLt0w,Chelsea Devantez & Jon Stewart @ 92Y,2024-06-05,Community Programming,One-off,"",External,2,false,3,true,no_budget_linked,false,,,,,,0,,,2024-06-05,,,,0.0,2026-09-04 16:04:02.844652
recNuRj44AjKMLt0w-4,recNuRj44AjKMLt0w,Chelsea Devantez & Jon Stewart @ 92Y,2024-06-05,Community Programming,One-off,"",External,4,false,3,true,no_budget_linked,false,,,,,,0,,,2024-06-05,,,,0.0,2026-09-04 16:04:02.844652
recX1lDCAoWlKV3WN-2,recX1lDCAoWlKV3WN,CWBExpo,2024-06-07,Community Programming,One-off,"",External,2,false,3,true,no_budget_linked,false,,,,,,0,,,2024-06-07,,,,0.0,2026-09-04 16:04:02.844652
recX1lDCAoWlKV3WN-4,recX1lDCAoWlKV3WN,CWBExpo,2024-06-07,Community Programming,One-off,"",External,4,false,3,true,no_budget_linked,false,,,,,,0,,,2024-06-07,,,,0.0,2026-09-04 16:04:02.844652
recX1lDCAoWlKV3WN-1,recX1lDCAoWlKV3WN,CWBExpo,2024-06-07,Community Programming,One-off,"",External,1,false,3,true,no_budget_linked,false,,,,,,0,,,2024-06-07,,,,0.0,2026-09-04 16:04:02.844652
recTiCfP0qoApkdxv-4,recTiCfP0qoApkdxv,Gov Ball 2024,2024-06-09,Community Programming,One-off,Bloom (The Bloom Brand),External,4,false,3,true,no_budget_linked,false,,,,,,0,,,2024-06-09,,,,0.0,2026-09-04 16:04:02.844652
recTiCfP0qoApkdxv-1,recTiCfP0qoApkdxv,Gov Ball 2024,2024-06-09,Community Programming,One-off,Bloom (The Bloom Brand),External,1,false,3,true,no_budget_linked,false,,,,,,0,,,2024-06-09,,,,0.0,2026-09-04 16:04:02.844652
recTiCfP0qoApkdxv-2,recTiCfP0qoApkdxv,Gov Ball 2024,2024-06-09,Community Programming,One-off,Bloom (The Bloom Brand),External,2,false,3,true,no_budget_linked,false,,,,,,0,,,2024-06-09,,,,0.0,2026-09-04 16:04:02.844652
recnWyAa1uFMGLXM4-1,recnWyAa1uFMGLXM4,Rage & Release 6/11,2024-06-11,In-Store Activation,One-off,Off Hours,Internal,1,false,1,true,no_budget_linked,false,,,,,,0,,,2024-06-11,,,,0.0,2026-09-04 16:04:02.844652
rec0Lw3WTtcYp7bXC-1,rec0Lw3WTtcYp7bXC,DTBK Unveiling Party,2024-06-12,In-Store Activation,One-off,Go Easy,Internal,1,false,1,true,no_budget_linked,false,,,,,,0,,,2024-06-12,,,,0.0,2026-09-04 16:04:02.844652
rec2355Ij1Vqyks3K-4,rec2355Ij1Vqyks3K,In Pursuit Of: Microdosing Motherhood,2024-06-12,Community Programming,One-off,Chime & Chill,External,4,false,2,true,no_budget_linked,false,,,,,,0,,,2024-06-12,,,,0.0,2026-09-04 16:04:02.844652
rec2355Ij1Vqyks3K-2,rec2355Ij1Vqyks3K,In Pursuit Of: Microdosing Motherhood,2024-06-12,Community Programming,One-off,Chime & Chill,External,2,false,2,true,no_budget_linked,false,,,,,,0,,,2024-06-12,,,,0.0,2026-09-04 16:04:02.844652
recLNuHCuCy9FaFQl-1,recLNuHCuCy9FaFQl,The Just Say Gay Show,2024-06-14,Community Programming,One-off,"",External,1,false,3,true,no_budget_linked,false,,,,,,0,,,2024-06-14,,,,0.0,2026-09-04 16:04:02.844652
recLNuHCuCy9FaFQl-4,recLNuHCuCy9FaFQl,The Just Say Gay Show,2024-06-14,Community Programming,One-off,"",External,4,false,3,true,no_budget_linked,false,,,,,,0,,,2024-06-14,,,,0.0,2026-09-04 16:04:02.844652
recLNuHCuCy9FaFQl-2,recLNuHCuCy9FaFQl,The Just Say Gay Show,2024-06-14,Community Programming,One-off,"",External,2,false,3,true,no_budget_linked,false,,,,,,0,,,2024-06-14,,,,0.0,2026-09-04 16:04:02.844652
recxglL9I3lbFlVoC-1,recxglL9I3lbFlVoC,Las Culturistas Culture Awards After-Party,2024-06-15,TTA Brand Event,One-off,"",External,1,false,3,true,no_budget_linked,false,,,,,,0,,,2024-06-15,,,,0.0,2026-09-04 16:04:02.844652
recxglL9I3lbFlVoC-4,recxglL9I3lbFlVoC,Las Culturistas Culture Awards After-Party,2024-06-15,TTA Brand Event,One-off,"",External,4,false,3,true,no_budget_linked,false,,,,,,0,,,2024-06-15,,,,0.0,2026-09-04 16:04:02.844652
recxglL9I3lbFlVoC-2,recxglL9I3lbFlVoC,Las Culturistas Culture Awards After-Party,2024-06-15,TTA Brand Event,One-off,"",External,2,false,3,true,no_budget_linked,false,,,,,,0,,,2024-06-15,,,,0.0,2026-09-04 16:04:02.844652
recCId6S5gZpmnYb8-4,recCId6S5gZpmnYb8,Stand Up NYC: Pride 2024,2024-06-15,Community Programming,One-off,"",External,4,false,3,true,no_budget_linked,false,,,,,,0,,,2024-06-15,,,,0.0,2026-09-04 16:04:02.844652
recCId6S5gZpmnYb8-1,recCId6S5gZpmnYb8,Stand Up NYC: Pride 2024,2024-06-15,Community Programming,One-off,"",External,1,false,3,true,no_budget_linked,false,,,,,,0,,,2024-06-15,,,,0.0,2026-09-04 16:04:02.844652
recCId6S5gZpmnYb8-2,recCId6S5gZpmnYb8,Stand Up NYC: Pride 2024,2024-06-15,Community Programming,One-off,"",External,2,false,3,true,no_budget_linked,false,,,,,,0,,,2024-06-15,,,,0.0,2026-09-04 16:04:02.844652
recbrZdRic4V0jvYm-1,recbrZdRic4V0jvYm,Rage & Release 6/18,2024-06-18,In-Store Activation,One-off,Off Hours,Internal,1,false,1,true,no_budget_linked,false,,,,,,0,,,2024-06-18,,,,0.0,2026-09-04 16:04:02.844652
recBPZWHcwB1X9nNp-1,recBPZWHcwB1X9nNp,Rage & Release 6/25,2024-06-25,In-Store Activation,One-off,Off Hours,Internal,1,false,1,true,no_budget_linked,false,,,,,,0,,,2024-06-25,,,,0.0,2026-09-04 16:04:02.844652
rec3xufXQz0TLqvzL-4,rec3xufXQz0TLqvzL,Rosé Celeb Drag Pop-Up,2024-06-26,In-Store Activation,One-off,"",Internal,4,false,1,true,no_budget_linked,false,,,,,,0,,,2024-06-26,,,,0.0,2026-09-04 16:04:02.844652
recL6hTEFJgAll8Dr-2,recL6hTEFJgAll8Dr,Tayce Celeb Drag Pop-Up copy,2024-06-27,In-Store Activation,One-off,"",Internal,2,false,1,true,no_budget_linked,false,,,,,,0,,,2024-06-27,,,,0.0,2026-09-04 16:04:02.844652
reckjrgKAFS5TfPL8-1,reckjrgKAFS5TfPL8,LaLa Ri Celeb Drag Pop-Up,2024-06-28,In-Store Activation,One-off,"",Internal,1,false,1,true,no_budget_linked,false,,,,,,0,,,2024-06-28,,,,0.0,2026-09-04 16:04:02.844652
recZEv24Ejq5NQ5vE-2,recZEv24Ejq5NQ5vE,Voss Events: Proud Divas,2024-06-29,Community Programming,One-off,Drew Martin,External,2,false,3,true,no_budget_linked,false,,,,,,0,,,2024-06-29,,,,0.0,2026-09-04 16:04:02.844652
recZEv24Ejq5NQ5vE-4,recZEv24Ejq5NQ5vE,Voss Events: Proud Divas,2024-06-29,Community Programming,One-off,Drew Martin,External,4,false,3,true,no_budget_linked,false,,,,,,0,,,2024-06-29,,,,0.0,2026-09-04 16:04:02.844652
recZEv24Ejq5NQ5vE-3,recZEv24Ejq5NQ5vE,Voss Events: Proud Divas,2024-06-29,Community Programming,One-off,Drew Martin,External,3,false,3,true,no_budget_linked,false,,,,,,0,,,2024-06-29,,,,0.0,2026-09-04 16:04:02.844652
recPhDNLVQKyYx7uB-4,recPhDNLVQKyYx7uB,Studio 420: Pride Brunch,2024-06-30,Community Programming,One-off,"",External,4,false,3,true,no_budget_linked,false,,,,,,0,,,2024-06-30,,,,0.0,2026-09-04 16:04:02.844652
recPhDNLVQKyYx7uB-1,recPhDNLVQKyYx7uB,Studio 420: Pride Brunch,2024-06-30,Community Programming,One-off,"",External,1,false,3,true,no_budget_linked,false,,,,,,0,,,2024-06-30,,,,0.0,2026-09-04 16:04:02.844652
recPhDNLVQKyYx7uB-2,recPhDNLVQKyYx7uB,Studio 420: Pride Brunch,2024-06-30,Community Programming,One-off,"",External,2,false,3,true,no_budget_linked,false,,,,,,0,,,2024-06-30,,,,0.0,2026-09-04 16:04:02.844652
recuRuA4BofOdc9JS-4,recuRuA4BofOdc9JS,Voss Events: Daydream Pride Sunday,2024-06-30,Community Programming,One-off,Drew Martin,External,4,false,3,true,no_budget_linked,false,,,,,,0,,,2024-06-30,,,,0.0,2026-09-04 16:04:02.844652
recuRuA4BofOdc9JS-2,recuRuA4BofOdc9JS,Voss Events: Daydream Pride Sunday,2024-06-30,Community Programming,One-off,Drew Martin,External,2,false,3,true,no_budget_linked,false,,,,,,0,,,2024-06-30,,,,0.0,2026-09-04 16:04:02.844652
recuRuA4BofOdc9JS-1,recuRuA4BofOdc9JS,Voss Events: Daydream Pride Sunday,2024-06-30,Community Programming,One-off,Drew Martin,External,1,false,3,true,no_budget_linked,false,,,,,,0,,,2024-06-30,,,,0.0,2026-09-04 16:04:02.844652
recBhNAZgRonOa9JH-1,recBhNAZgRonOa9JH,Rage & Release 7/2,2024-07-02,In-Store Activation,One-off,Off Hours,Internal,1,false,1,true,no_budget_linked,false,,,,,,0,,,2024-07-02,,,,0.0,2026-09-04 16:04:02.844652
rec1makqIKuYduz3A-1,rec1makqIKuYduz3A,Rage & Release 7/9,2024-07-09,In-Store Activation,One-off,Off Hours,Internal,1,false,1,true,no_budget_linked,false,,,,,,0,,,2024-07-09,,,,0.0,2026-09-04 16:04:02.844652
rec2OT7U9XwuQCVv5-2,rec2OT7U9XwuQCVv5,Weed Auntie x Ayrloom: Altitude 710,2024-07-10,Community Programming,One-off,Ayrloom,External,2,false,3,true,no_budget_linked,false,,,,,,0,,,2024-07-10,,,,0.0,2026-09-04 16:04:02.844652
rec2OT7U9XwuQCVv5-1,rec2OT7U9XwuQCVv5,Weed Auntie x Ayrloom: Altitude 710,2024-07-10,Community Programming,One-off,Ayrloom,External,1,false,3,true,no_budget_linked,false,,,,,,0,,,2024-07-10,,,,0.0,2026-09-04 16:04:02.844652
rec2OT7U9XwuQCVv5-4,rec2OT7U9XwuQCVv5,Weed Auntie x Ayrloom: Altitude 710,2024-07-10,Community Programming,One-off,Ayrloom,External,4,false,3,true,no_budget_linked,false,,,,,,0,,,2024-07-10,,,,0.0,2026-09-04 16:04:02.844652
recknGcPI5A3ayzXg-1,recknGcPI5A3ayzXg,Angie Martinez Celeb Guest Budtender,2024-07-16,TTA Brand Event,One-off,"",Internal,1,false,1,true,no_budget_linked,false,,,,,,0,,,2024-07-16,,,,0.0,2026-09-04 16:04:02.844652
rec4ZatRp6n4CjKfQ-1,rec4ZatRp6n4CjKfQ,Rage & Release 7/16,2024-07-16,In-Store Activation,One-off,Off Hours,Internal,1,false,1,true,no_budget_linked,false,,,,,,0,,,2024-07-16,,,,0.0,2026-09-04 16:04:02.844652
recxWCbWkvJfoJEUM-4,recxWCbWkvJfoJEUM,Creative CannaOasis,2024-07-20,Community Programming,One-off,"",External,4,false,2,true,no_budget_linked,false,,,,,,0,,,2024-07-20,,,,0.0,2026-09-04 16:04:02.844652
recxWCbWkvJfoJEUM-1,recxWCbWkvJfoJEUM,Creative CannaOasis,2024-07-20,Community Programming,One-off,"",External,1,false,2,true,no_budget_linked,false,,,,,,0,,,2024-07-20,,,,0.0,2026-09-04 16:04:02.844652
recP1Zy2kWb8kTssC-1,recP1Zy2kWb8kTssC,Rage & Release 7/23,2024-07-23,In-Store Activation,One-off,Off Hours,Internal,1,false,1,true,no_budget_linked,false,,,,,,0,,,2024-07-23,,,,0.0,2026-09-04 16:04:02.844652
rec8bY1wydENTzxoC-1,rec8bY1wydENTzxoC,Rage & Release 7/30,2024-07-30,In-Store Activation,One-off,Off Hours,Internal,1,false,1,true,no_budget_linked,false,,,,,,0,,,2024-07-30,,,,0.0,2026-09-04 16:04:02.844652
recuh9zgNf2L0c9MR-1,recuh9zgNf2L0c9MR,Rage & Release 8/6,2024-08-06,In-Store Activation,One-off,Off Hours,Internal,1,false,1,true,no_budget_linked,false,,,,,,0,,,2024-08-06,,,,0.0,2026-09-04 16:04:02.844652
rec2e9l6FTAo5aHVy-1,rec2e9l6FTAo5aHVy,Rage & Release 8/13,2024-08-13,In-Store Activation,One-off,Off Hours,Internal,1,false,1,true,no_budget_linked,false,,,,,,0,,,2024-08-13,,,,0.0,2026-09-04 16:04:02.844652
rec4as7KfZuKLbRul-1,rec4as7KfZuKLbRul,Future @ Barclays,2024-08-15,In-Store Activation,One-off,Evol by Future,Internal,1,false,1,true,no_budget_linked,false,,,,,,0,,,2024-08-15,,,,0.0,2026-09-04 16:04:02.844652
recX6I2VsKxMLLBXS-4,recX6I2VsKxMLLBXS,I Know A Spot: Art Edition,2024-08-17,TTA Brand Event,One-off,"",External,4,false,1,true,no_budget_linked,false,,,,,,0,,,2024-08-17,,,,0.0,2026-09-04 16:04:02.844652
recmitU5dfw3cDAnj-1,recmitU5dfw3cDAnj,Rage & Release 8/20,2024-08-20,In-Store Activation,One-off,Off Hours,Internal,1,false,1,true,no_budget_linked,false,,,,,,0,,,2024-08-20,,,,0.0,2026-09-04 16:04:02.844652
recCE5lWzJRn9KalM-2,recCE5lWzJRn9KalM,I Know A Spot: Meditation Edition,2024-08-23,TTA Brand Event,One-off,"",External,2,false,1,true,no_budget_linked,false,,,,,,0,,,2024-08-23,,,,0.0,2026-09-04 16:04:02.844652
recmZtLQubjv0udsL-1,recmZtLQubjv0udsL,Rage & Release 8/27,2024-08-27,In-Store Activation,One-off,Off Hours,Internal,1,false,1,true,no_budget_linked,false,,,,,,0,,,2024-08-27,,,,0.0,2026-09-04 16:04:02.844652
recRPJULtOfAqphsm-1,recRPJULtOfAqphsm,Honey Balenciaga x PAPER,2024-08-29,TTA Brand Event,One-off,Edie Parker,External,1,false,3,true,no_budget_linked,false,,,,,,0,,,2024-08-29,,,,0.0,2026-09-04 16:04:02.844652
recRPJULtOfAqphsm-4,recRPJULtOfAqphsm,Honey Balenciaga x PAPER,2024-08-29,TTA Brand Event,One-off,Edie Parker,External,4,false,3,true,no_budget_linked,false,,,,,,0,,,2024-08-29,,,,0.0,2026-09-04 16:04:02.844652
recRPJULtOfAqphsm-2,recRPJULtOfAqphsm,Honey Balenciaga x PAPER,2024-08-29,TTA Brand Event,One-off,Edie Parker,External,2,false,3,true,no_budget_linked,false,,,,,,0,,,2024-08-29,,,,0.0,2026-09-04 16:04:02.844652
reccjVu6MKf3ok9oJ-1,reccjVu6MKf3ok9oJ,Rage & Release 9/3,2024-09-03,In-Store Activation,One-off,Off Hours,Internal,1,false,1,true,no_budget_linked,false,,,,,,0,,,2024-09-03,,,,0.0,2026-09-04 16:04:02.844652
recZ84M1f98upXVMG-4,recZ84M1f98upXVMG,AKNVAS NYFW Show,2024-09-09,TTA Brand Event,One-off,"Dosist,Ruby Farms Kingston Reserve LLC",Internal,4,false,3,true,no_budget_linked,false,,,,,,0,,,2024-09-09,,,,0.0,2026-09-04 16:04:02.844652
recZ84M1f98upXVMG-1,recZ84M1f98upXVMG,AKNVAS NYFW Show,2024-09-09,TTA Brand Event,One-off,"Dosist,Ruby Farms Kingston Reserve LLC",Internal,1,false,3,true,no_budget_linked,false,,,,,,0,,,2024-09-09,,,,0.0,2026-09-04 16:04:02.844652
recZ84M1f98upXVMG-2,recZ84M1f98upXVMG,AKNVAS NYFW Show,2024-09-09,TTA Brand Event,One-off,"Dosist,Ruby Farms Kingston Reserve LLC",Internal,2,false,3,true,no_budget_linked,false,,,,,,0,,,2024-09-09,,,,0.0,2026-09-04 16:04:02.844652
rec1PZpyQfAfGbDkC-1,rec1PZpyQfAfGbDkC,Rage & Release 9/10,2024-09-10,In-Store Activation,One-off,Off Hours,External,1,false,1,true,no_budget_linked,false,,,,,,0,,,2024-09-10,,,,0.0,2026-09-04 16:04:02.844652
recJC58vHzbR7oHEQ-1,recJC58vHzbR7oHEQ,Rage & Release 9/17,2024-09-17,In-Store Activation,One-off,Off Hours,External,1,false,1,true,no_budget_linked,false,,,,,,0,,,2024-09-17,,,,0.0,2026-09-04 16:04:02.844652
rec4PPJTGLS9wTCbk-4,rec4PPJTGLS9wTCbk,NYFF Cinephile Game Night 1,2024-09-18,TTA Brand Event,One-off,"Hudson,Silly Nice,Ayrloom,Rove",Internal,4,false,3,true,no_budget_linked,false,,,,,,0,,,2024-09-18,,,,0.0,2026-09-04 16:04:02.844652
rec4PPJTGLS9wTCbk-1,rec4PPJTGLS9wTCbk,NYFF Cinephile Game Night 1,2024-09-18,TTA Brand Event,One-off,"Hudson,Silly Nice,Ayrloom,Rove",Internal,1,false,3,true,no_budget_linked,false,,,,,,0,,,2024-09-18,,,,0.0,2026-09-04 16:04:02.844652
rec4PPJTGLS9wTCbk-2,rec4PPJTGLS9wTCbk,NYFF Cinephile Game Night 1,2024-09-18,TTA Brand Event,One-off,"Hudson,Silly Nice,Ayrloom,Rove",Internal,2,false,3,true,no_budget_linked,false,,,,,,0,,,2024-09-18,,,,0.0,2026-09-04 16:04:02.844652
recZUMfVf4j2B3NV6-4,recZUMfVf4j2B3NV6,RuPaul's Drag Race All-Stars Live,2024-09-19,TTA Brand Event,One-off,"",External,4,false,3,true,no_budget_linked,false,,,,,,0,,,2024-09-19,,,,0.0,2026-09-04 16:04:02.844652
recZUMfVf4j2B3NV6-1,recZUMfVf4j2B3NV6,RuPaul's Drag Race All-Stars Live,2024-09-19,TTA Brand Event,One-off,"",External,1,false,3,true,no_budget_linked,false,,,,,,0,,,2024-09-19,,,,0.0,2026-09-04 16:04:02.844652
recZUMfVf4j2B3NV6-2,recZUMfVf4j2B3NV6,RuPaul's Drag Race All-Stars Live,2024-09-19,TTA Brand Event,One-off,"",External,2,false,3,true,no_budget_linked,false,,,,,,0,,,2024-09-19,,,,0.0,2026-09-04 16:04:02.844652
recLYH2bKR8Dq9lD8-4,recLYH2bKR8Dq9lD8,Last Prisoner Project Innaugral Gala,2024-09-24,Community Programming,One-off,"",External,4,false,3,true,no_budget_linked,false,,,,,,0,,,2024-09-24,,,,0.0,2026-09-04 16:04:02.844652
recLYH2bKR8Dq9lD8-1,recLYH2bKR8Dq9lD8,Last Prisoner Project Innaugral Gala,2024-09-24,Community Programming,One-off,"",External,1,false,3,true,no_budget_linked,false,,,,,,0,,,2024-09-24,,,,0.0,2026-09-04 16:04:02.844652
recLYH2bKR8Dq9lD8-2,recLYH2bKR8Dq9lD8,Last Prisoner Project Innaugral Gala,2024-09-24,Community Programming,One-off,"",External,2,false,3,true,no_budget_linked,false,,,,,,0,,,2024-09-24,,,,0.0,2026-09-04 16:04:02.844652
recyn6kH5A121g9sm-4,recyn6kH5A121g9sm,NYFF Cinephile Game Night 2,2024-09-25,TTA Brand Event,One-off,"Hudson,Silly Nice,Ayrloom,Rove",Internal,4,false,3,true,no_budget_linked,false,,,,,,0,,,2024-09-25,,,,0.0,2026-09-04 16:04:02.844652
recyn6kH5A121g9sm-1,recyn6kH5A121g9sm,NYFF Cinephile Game Night 2,2024-09-25,TTA Brand Event,One-off,"Hudson,Silly Nice,Ayrloom,Rove",Internal,1,false,3,true,no_budget_linked,false,,,,,,0,,,2024-09-25,,,,0.0,2026-09-04 16:04:02.844652
recyn6kH5A121g9sm-2,recyn6kH5A121g9sm,NYFF Cinephile Game Night 2,2024-09-25,TTA Brand Event,One-off,"Hudson,Silly Nice,Ayrloom,Rove",Internal,2,false,3,true,no_budget_linked,false,,,,,,0,,,2024-09-25,,,,0.0,2026-09-04 16:04:02.844652
recFwP0d48OG3Xi0J-4,recFwP0d48OG3Xi0J,All Things Go 2024 Day 1,2024-09-28,TTA Brand Event,One-off,"Fernway ,Wyld - GoodTyde,Butter",External,4,false,3,true,no_budget_linked,false,,,,,,0,,,2024-09-28,,,,0.0,2026-09-04 16:04:02.844652
recFwP0d48OG3Xi0J-1,recFwP0d48OG3Xi0J,All Things Go 2024 Day 1,2024-09-28,TTA Brand Event,One-off,"Fernway ,Wyld - GoodTyde,Butter",External,1,false,3,true,no_budget_linked,false,,,,,,0,,,2024-09-28,,,,0.0,2026-09-04 16:04:02.844652
recFwP0d48OG3Xi0J-2,recFwP0d48OG3Xi0J,All Things Go 2024 Day 1,2024-09-28,TTA Brand Event,One-off,"Fernway ,Wyld - GoodTyde,Butter",External,2,false,3,true,no_budget_linked,false,,,,,,0,,,2024-09-28,,,,0.0,2026-09-04 16:04:02.844652
recNBdpiD6TOX21IA-4,recNBdpiD6TOX21IA,NYFF Cinephile Game Night 3,2024-09-28,TTA Brand Event,One-off,"Hudson,Silly Nice,Ayrloom,Rove",External,4,false,3,true,no_budget_linked,false,,,,,,0,,,2024-09-28,,,,0.0,2026-09-04 16:04:02.844652
recNBdpiD6TOX21IA-1,recNBdpiD6TOX21IA,NYFF Cinephile Game Night 3,2024-09-28,TTA Brand Event,One-off,"Hudson,Silly Nice,Ayrloom,Rove",External,1,false,3,true,no_budget_linked,false,,,,,,0,,,2024-09-28,,,,0.0,2026-09-04 16:04:02.844652
recNBdpiD6TOX21IA-2,recNBdpiD6TOX21IA,NYFF Cinephile Game Night 3,2024-09-28,TTA Brand Event,One-off,"Hudson,Silly Nice,Ayrloom,Rove",External,2,false,3,true,no_budget_linked,false,,,,,,0,,,2024-09-28,,,,0.0,2026-09-04 16:04:02.844652
recrcBW9c9KdWDRqb-4,recrcBW9c9KdWDRqb,All Things Go 2024 Day 3,2024-09-29,TTA Brand Event,One-off,"Fernway ,Wyld - GoodTyde,Butter",External,4,false,3,true,no_budget_linked,false,,,,,,0,,,2024-09-29,,,,0.0,2026-09-04 16:04:02.844652
recrcBW9c9KdWDRqb-1,recrcBW9c9KdWDRqb,All Things Go 2024 Day 3,2024-09-29,TTA Brand Event,One-off,"Fernway ,Wyld - GoodTyde,Butter",External,1,false,3,true,no_budget_linked,false,,,,,,0,,,2024-09-29,,,,0.0,2026-09-04 16:04:02.844652
recrcBW9c9KdWDRqb-2,recrcBW9c9KdWDRqb,All Things Go 2024 Day 3,2024-09-29,TTA Brand Event,One-off,"Fernway ,Wyld - GoodTyde,Butter",External,2,false,3,true,no_budget_linked,false,,,,,,0,,,2024-09-29,,,,0.0,2026-09-04 16:04:02.844652
recdRkV2Gixohy8bo-4,recdRkV2Gixohy8bo,NYFF Cinephile Game Night 4,2024-09-29,TTA Brand Event,One-off,"Hudson,Silly Nice,Ayrloom,Rove",External,4,false,3,true,no_budget_linked,false,,,,,,0,,,2024-09-29,,,,0.0,2026-09-04 16:04:02.844652
recdRkV2Gixohy8bo-1,recdRkV2Gixohy8bo,NYFF Cinephile Game Night 4,2024-09-29,TTA Brand Event,One-off,"Hudson,Silly Nice,Ayrloom,Rove",External,1,false,3,true,no_budget_linked,false,,,,,,0,,,2024-09-29,,,,0.0,2026-09-04 16:04:02.844652
recdRkV2Gixohy8bo-2,recdRkV2Gixohy8bo,NYFF Cinephile Game Night 4,2024-09-29,TTA Brand Event,One-off,"Hudson,Silly Nice,Ayrloom,Rove",External,2,false,3,true,no_budget_linked,false,,,,,,0,,,2024-09-29,,,,0.0,2026-09-04 16:04:02.844652
recIH1e9jqlFcfz5B-4,recIH1e9jqlFcfz5B,NYFF Cinephile Game Night 5,2024-09-30,TTA Brand Event,One-off,"Hudson,Silly Nice,Ayrloom,Rove",External,4,false,3,true,no_budget_linked,false,,,,,,0,,,2024-09-30,,,,0.0,2026-09-04 16:04:02.844652
recIH1e9jqlFcfz5B-1,recIH1e9jqlFcfz5B,NYFF Cinephile Game Night 5,2024-09-30,TTA Brand Event,One-off,"Hudson,Silly Nice,Ayrloom,Rove",External,1,false,3,true,no_budget_linked,false,,,,,,0,,,2024-09-30,,,,0.0,2026-09-04 16:04:02.844652
recIH1e9jqlFcfz5B-2,recIH1e9jqlFcfz5B,NYFF Cinephile Game Night 5,2024-09-30,TTA Brand Event,One-off,"Hudson,Silly Nice,Ayrloom,Rove",External,2,false,3,true,no_budget_linked,false,,,,,,0,,,2024-09-30,,,,0.0,2026-09-04 16:04:02.844652
rec2lvyy2zhH7kNK0-4,rec2lvyy2zhH7kNK0,Revelry Fest 2024,2024-10-05,TTA Brand Event,One-off,"",External,4,false,3,true,no_budget_linked,false,,,,,,0,,,2024-10-05,,,,0.0,2026-09-04 16:04:02.844652
rec2lvyy2zhH7kNK0-1,rec2lvyy2zhH7kNK0,Revelry Fest 2024,2024-10-05,TTA Brand Event,One-off,"",External,1,false,3,true,no_budget_linked,false,,,,,,0,,,2024-10-05,,,,0.0,2026-09-04 16:04:02.844652
rec2lvyy2zhH7kNK0-2,rec2lvyy2zhH7kNK0,Revelry Fest 2024,2024-10-05,TTA Brand Event,One-off,"",External,2,false,3,true,no_budget_linked,false,,,,,,0,,,2024-10-05,,,,0.0,2026-09-04 16:04:02.844652
recjaiyqmEamhjSwF-4,recjaiyqmEamhjSwF,NYFF Cinephile Game Night 6,2024-10-08,TTA Brand Event,One-off,"Hudson,Silly Nice,Ayrloom,Rove",External,4,false,3,true,no_budget_linked,false,,,,,,0,,,2024-10-08,,,,0.0,2026-09-04 16:04:02.844652
recjaiyqmEamhjSwF-1,recjaiyqmEamhjSwF,NYFF Cinephile Game Night 6,2024-10-08,TTA Brand Event,One-off,"Hudson,Silly Nice,Ayrloom,Rove",External,1,false,3,true,no_budget_linked,false,,,,,,0,,,2024-10-08,,,,0.0,2026-09-04 16:04:02.844652
recjaiyqmEamhjSwF-2,recjaiyqmEamhjSwF,NYFF Cinephile Game Night 6,2024-10-08,TTA Brand Event,One-off,"Hudson,Silly Nice,Ayrloom,Rove",External,2,false,3,true,no_budget_linked,false,,,,,,0,,,2024-10-08,,,,0.0,2026-09-04 16:04:02.844652
recVoHFRQbCZUe0lt-1,recVoHFRQbCZUe0lt,Rage & Release 10/8,2024-10-08,In-Store Activation,One-off,Off Hours,Internal,1,false,1,true,no_budget_linked,false,,,,,,0,,,2024-10-08,,,,0.0,2026-09-04 16:04:02.844652
recUtlYk2pM36gMCf-1,recUtlYk2pM36gMCf,Rage & Release 10/15,2024-10-15,In-Store Activation,One-off,Off Hours,Internal,1,false,1,true,no_budget_linked,false,,,,,,0,,,2024-10-15,,,,0.0,2026-09-04 16:04:02.844652
recu6x4OckSLLc808-4,recu6x4OckSLLc808,Weed Auntie x Wana: Plant Play,2024-10-16,Community Programming,One-off,Wana,External,4,false,3,true,no_budget_linked,false,,,,,,0,,,2024-10-16,,,,0.0,2026-09-04 16:04:02.844652
recu6x4OckSLLc808-1,recu6x4OckSLLc808,Weed Auntie x Wana: Plant Play,2024-10-16,Community Programming,One-off,Wana,External,1,false,3,true,no_budget_linked,false,,,,,,0,,,2024-10-16,,,,0.0,2026-09-04 16:04:02.844652
recu6x4OckSLLc808-2,recu6x4OckSLLc808,Weed Auntie x Wana: Plant Play,2024-10-16,Community Programming,One-off,Wana,External,2,false,3,true,no_budget_linked,false,,,,,,0,,,2024-10-16,,,,0.0,2026-09-04 16:04:02.844652
recO3KTAtgs8IxCc8-1,recO3KTAtgs8IxCc8,Rage & Release 10/22,2024-10-22,In-Store Activation,One-off,Off Hours,Internal,1,false,1,true,no_budget_linked,false,,,,,,0,,,2024-10-22,,,,0.0,2026-09-04 16:04:02.844652
recYCXWLYDcinxpRX-4,recYCXWLYDcinxpRX,Weed Auntie x Ayrloom: Garden of Giggles,2024-10-22,Community Programming,One-off,Ayrloom,External,4,false,3,true,no_budget_linked,false,,,,,,0,,,2024-10-22,,,,0.0,2026-09-04 16:04:02.844652
recYCXWLYDcinxpRX-1,recYCXWLYDcinxpRX,Weed Auntie x Ayrloom: Garden of Giggles,2024-10-22,Community Programming,One-off,Ayrloom,External,1,false,3,true,no_budget_linked,false,,,,,,0,,,2024-10-22,,,,0.0,2026-09-04 16:04:02.844652
recYCXWLYDcinxpRX-2,recYCXWLYDcinxpRX,Weed Auntie x Ayrloom: Garden of Giggles,2024-10-22,Community Programming,One-off,Ayrloom,External,2,false,3,true,no_budget_linked,false,,,,,,0,,,2024-10-22,,,,0.0,2026-09-04 16:04:02.844652
rec5uceYiMmCqa5FH-1,rec5uceYiMmCqa5FH,Rage & Release 10/29,2024-10-29,In-Store Activation,One-off,Off Hours,Internal,1,false,1,true,no_budget_linked,false,,,,,,0,,,2024-10-29,,,,0.0,2026-09-04 16:04:02.844652
recBnYlhZxTckpnEE-2,recBnYlhZxTckpnEE,The Travel Agency x Hudson : Big Bonfire,2024-10-30,TTA Brand Event,One-off,Hudson,External,2,false,3,true,no_budget_linked,false,,,,,,0,,,2024-10-30,,,,0.0,2026-09-04 16:04:02.844652
recBnYlhZxTckpnEE-1,recBnYlhZxTckpnEE,The Travel Agency x Hudson : Big Bonfire,2024-10-30,TTA Brand Event,One-off,Hudson,External,1,false,3,true,no_budget_linked,false,,,,,,0,,,2024-10-30,,,,0.0,2026-09-04 16:04:02.844652
recBnYlhZxTckpnEE-4,recBnYlhZxTckpnEE,The Travel Agency x Hudson : Big Bonfire,2024-10-30,TTA Brand Event,One-off,Hudson,External,4,false,3,true,no_budget_linked,false,,,,,,0,,,2024-10-30,,,,0.0,2026-09-04 16:04:02.844652
recwZM1rDwhBqcEGq-2,recwZM1rDwhBqcEGq,Julio Torres Halloween 2024,2024-10-31,TTA Brand Event,One-off,Edie Parker,External,2,false,3,true,no_budget_linked,false,,,,,,0,,,2024-10-31,,,,0.0,2026-09-04 16:04:02.844652
recwZM1rDwhBqcEGq-4,recwZM1rDwhBqcEGq,Julio Torres Halloween 2024,2024-10-31,TTA Brand Event,One-off,Edie Parker,External,4,false,3,true,no_budget_linked,false,,,,,,0,,,2024-10-31,,,,0.0,2026-09-04 16:04:02.844652
recwZM1rDwhBqcEGq-1,recwZM1rDwhBqcEGq,Julio Torres Halloween 2024,2024-10-31,TTA Brand Event,One-off,Edie Parker,External,1,false,3,true,no_budget_linked,false,,,,,,0,,,2024-10-31,,,,0.0,2026-09-04 16:04:02.844652
recxbuwfjKOT8d9E1-1,recxbuwfjKOT8d9E1,Rage & Release 11/12,2024-11-05,In-Store Activation,One-off,Off Hours,Internal,1,false,1,true,no_budget_linked,false,,,,,,0,,,2024-11-05,,,,0.0,2026-09-04 16:04:02.844652
recYbufuK9I2sSQnz-1,recYbufuK9I2sSQnz,Rage & Release 11/5,2024-11-05,In-Store Activation,One-off,Off Hours,Internal,1,false,1,true,no_budget_linked,false,,,,,,0,,,2024-11-05,,,,0.0,2026-09-04 16:04:02.844652
recfm6jprqZbxVgJf-2,recfm6jprqZbxVgJf,Incredibles x Magnolia Launch,2024-11-07,In-Store Activation,One-off,Incredibles,Internal,2,false,1,true,no_budget_linked,false,,,,,,0,,,2024-11-07,,,,0.0,2026-09-04 16:04:02.844652
recrhlfSK1E97wXM5-4,recrhlfSK1E97wXM5,The Travel Agency x Cardoza Law,2024-11-12,Community Programming,One-off,"",External,4,false,1,true,no_budget_linked,false,,,,,,0,,,2024-11-12,,,,0.0,2026-09-04 16:04:02.844652
reco6KU8FFOcP7FE1-4,reco6KU8FFOcP7FE1,High Tidings: Fifth 1,2024-11-30,In-Store Activation,One-off,Ayrloom,Internal,4,false,1,true,no_budget_linked,false,,,,,,0,,,2024-11-30,,,,0.0,2026-09-04 16:04:02.844652
recIGvekYDqcBpuP8-2,recIGvekYDqcBpuP8,High Tidings: USQ 1,2024-12-04,In-Store Activation,One-off,Edie Parker,Internal,2,false,1,true,no_budget_linked,false,,,,,,0,,,2024-12-04,,,,0.0,2026-09-04 16:04:02.844652
recYr0FjMDa3D4NqV-2,recYr0FjMDa3D4NqV,An Axe-Mas Story at 54 Below,2024-12-10,Community Programming,One-off,"",External,2,false,3,true,no_budget_linked,false,,,,,,0,,,2024-12-10,,,,0.0,2026-09-04 16:04:02.844652
recYr0FjMDa3D4NqV-4,recYr0FjMDa3D4NqV,An Axe-Mas Story at 54 Below,2024-12-10,Community Programming,One-off,"",External,4,false,3,true,no_budget_linked,false,,,,,,0,,,2024-12-10,,,,0.0,2026-09-04 16:04:02.844652
recYr0FjMDa3D4NqV-1,recYr0FjMDa3D4NqV,An Axe-Mas Story at 54 Below,2024-12-10,Community Programming,One-off,"",External,1,false,3,true,no_budget_linked,false,,,,,,0,,,2024-12-10,,,,0.0,2026-09-04 16:04:02.844652
recXl4zhUjtLfVtiL-2,recXl4zhUjtLfVtiL,In The Green Room: BTS of Cannabis,2024-12-11,TTA Brand Event,One-off,"Beboe,Rythm",External,2,false,1,true,no_budget_linked,false,,,,,,0,,,2024-12-11,,,,0.0,2026-09-04 16:04:02.844652
recD336CkZlEqoZAQ-4,recD336CkZlEqoZAQ,High Tidings: USQ 2,2024-12-13,In-Store Activation,One-off,Ayrloom,Internal,4,false,1,true,no_budget_linked,false,,,,,,0,,,2024-12-13,,,,0.0,2026-09-04 16:04:02.844652
recBk62FZkFWfGG6V-4,recBk62FZkFWfGG6V,High Tidings: Fifth 2,2024-12-14,In-Store Activation,One-off,Edie Parker,Internal,4,false,1,true,no_budget_linked,false,,,,,,0,,,2024-12-14,,,,0.0,2026-09-04 16:04:02.844652
recHXHRril8YqtV9G-1,recHXHRril8YqtV9G,High Tidings: DTBK,2024-12-17,In-Store Activation,One-off,Ayrloom,Internal,1,false,1,true,no_budget_linked,false,,,,,,0,,,2024-12-17,,,,0.0,2026-09-04 16:04:02.844652
recpx1WKX45U6raJU-4,recpx1WKX45U6raJU,You'll Never Believe This Book Release,2025-01-07,Community Programming,One-off,"Flamer,Miss Grass",External,4,false,3,true,no_budget_linked,false,,,,,,0,,,2025-01-07,,,,0.0,2026-09-04 16:04:02.844652
recpx1WKX45U6raJU-1,recpx1WKX45U6raJU,You'll Never Believe This Book Release,2025-01-07,Community Programming,One-off,"Flamer,Miss Grass",External,1,false,3,true,no_budget_linked,false,,,,,,0,,,2025-01-07,,,,0.0,2026-09-04 16:04:02.844652
recpx1WKX45U6raJU-2,recpx1WKX45U6raJU,You'll Never Believe This Book Release,2025-01-07,Community Programming,One-off,"Flamer,Miss Grass",External,2,false,3,true,no_budget_linked,false,,,,,,0,,,2025-01-07,,,,0.0,2026-09-04 16:04:02.844652
recJaKkSXNFIyK1j1-0,recJaKkSXNFIyK1j1,Stoned with Sasha Colby,2025-01-11,Community Programming,One-off,Flamer,External,0,true,0,false,no_budget_linked,false,,,,,,0,,,2025-01-11,,,,0.0,2026-09-04 16:04:02.844652
rec2XtSpVOHOHKreu-2,rec2XtSpVOHOHKreu,Cali Sober Sips 2025: Fifth,2025-01-16,In-Store Activation,Cali Sober Sips,Tune,Internal,2,false,1,true,has_cost,true,384.15,,384.15,,384.15,0,,,2025-01-16,,384.15,384.15,0.0,2026-09-04 16:04:02.844652
recF0vC6GDiJXZQN9-1,recF0vC6GDiJXZQN9,Cali Sober Sips 2025: Brooklyn,2025-01-23,In-Store Activation,Cali Sober Sips,Ayrloom,Internal,1,false,1,true,has_cost,true,1422.46,,1422.46,,1422.46,0,,,2025-01-23,,1422.46,1422.46,0.0,2026-09-04 16:04:02.844652
recVuaOQal1qdHdyE-4,recVuaOQal1qdHdyE,Cali Sober Sips 2025: Union Square,2025-01-30,In-Store Activation,Cali Sober Sips,Harney Brothers,Internal,4,false,1,true,no_budget_linked,false,,,,,,0,,,2025-01-30,,,,0.0,2026-09-04 16:04:02.844652
recDH8uxUbvwmklf8-4,recDH8uxUbvwmklf8,Christian Cowan NYFW,2025-02-07,TTA Brand Event,One-off,"",External,4,false,3,true,no_budget_linked,false,,,,,,0,,,2025-02-07,,,,0.0,2026-09-04 16:04:02.844652
recDH8uxUbvwmklf8-1,recDH8uxUbvwmklf8,Christian Cowan NYFW,2025-02-07,TTA Brand Event,One-off,"",External,1,false,3,true,no_budget_linked,false,,,,,,0,,,2025-02-07,,,,0.0,2026-09-04 16:04:02.844652
recDH8uxUbvwmklf8-2,recDH8uxUbvwmklf8,Christian Cowan NYFW,2025-02-07,TTA Brand Event,One-off,"",External,2,false,3,true,no_budget_linked,false,,,,,,0,,,2025-02-07,,,,0.0,2026-09-04 16:04:02.844652
rec2TE8ZRhpsF0FQO-1,rec2TE8ZRhpsF0FQO,FlowersforFlower,2025-02-13,In-Store Activation,One-off,"",Internal,1,false,1,true,has_cost,true,850.0,,850.0,,850.0,0,,,2025-02-13,,850.0,850.0,0.0,2026-09-04 16:04:02.844652
recDNQJ1dA1MMgLhw-4,recDNQJ1dA1MMgLhw,"Love, The Travel Agency: Union Square",2025-02-13,In-Store Activation,One-off,Hudson,Internal,4,false,1,true,no_budget_linked,false,,,,,,0,,,2025-02-13,,,,0.0,2026-09-04 16:04:02.844652
recywc6P1jUiMOxjl-2,recywc6P1jUiMOxjl,"Love, The Travel Agency: Fifth",2025-02-14,In-Store Activation,One-off,Hudson,Internal,2,false,1,true,no_budget_linked,false,,,,,,0,,,2025-02-14,,,,0.0,2026-09-04 16:04:02.844652
recaXtASyBO4vFou3-2,recaXtASyBO4vFou3,Airwaves Feb 15,2025-02-15,In-Store Activation,Airwaves,"",Internal,2,false,1,true,has_cost,true,,1991.25,1991.25,,1991.25,7,,,2025-02-15,1991.25,1991.25,1991.25,0.0,2026-09-04 16:04:02.844652
rec6dVIOWj5WLKbLM-0,rec6dVIOWj5WLKbLM,Dilla DAY,2025-02-16,Community Programming,One-off,"",External,0,true,0,false,has_cost,true,1020.8,,1020.8,,1020.8,0,,,2025-02-16,,1020.8,1020.8,0.0,2026-09-04 16:04:02.844652
recRx5EJ0BggoGwyW-2,recRx5EJ0BggoGwyW,Airwaves 2/20,2025-02-20,In-Store Activation,Airwaves,"",Internal,2,false,1,true,has_cost,true,,1991.25,1991.25,,1991.25,7,,,2025-02-20,1991.25,1991.25,1991.25,0.0,2026-09-04 16:04:02.844652
recqbv1Oad6uZ3Gcn-4,recqbv1Oad6uZ3Gcn,Adore Delano Concert,2025-02-21,TTA Brand Event,One-off,"",External,4,false,4,false,no_budget_linked,false,,,,,,0,,,2025-02-22,,,,0.0,2026-09-04 16:04:02.844652
recqbv1Oad6uZ3Gcn-1,recqbv1Oad6uZ3Gcn,Adore Delano Concert,2025-02-21,TTA Brand Event,One-off,"",External,1,false,4,false,no_budget_linked,false,,,,,,0,,,2025-02-22,,,,0.0,2026-09-04 16:04:02.844652
recqbv1Oad6uZ3Gcn-2,recqbv1Oad6uZ3Gcn,Adore Delano Concert,2025-02-21,TTA Brand Event,One-off,"",External,2,false,4,false,no_budget_linked,false,,,,,,0,,,2025-02-22,,,,0.0,2026-09-04 16:04:02.844652
recqbv1Oad6uZ3Gcn-3,recqbv1Oad6uZ3Gcn,Adore Delano Concert,2025-02-21,TTA Brand Event,One-off,"",External,3,false,4,false,no_budget_linked,false,,,,,,0,,,2025-02-22,,,,0.0,2026-09-04 16:04:02.844652
rec72pqiNhWHnGASs-2,rec72pqiNhWHnGASs,Airwaves 2/22,2025-02-22,In-Store Activation,Airwaves,"",Internal,2,false,1,true,has_cost,true,,1991.25,1991.25,,1991.25,7,,,2025-02-22,1991.25,1991.25,1991.25,0.0,2026-09-04 16:04:02.844652
recI9cqIo8ugaDU4d-4,recI9cqIo8ugaDU4d,Grass is Greener Media Screening,2025-02-25,In-Store Activation,One-off,B Noble,Internal,4,false,1,true,no_budget_linked,false,,,,,,0,,,2025-02-25,,,,0.0,2026-09-04 16:04:02.844652
recEeqeebtoZ8iYrQ-2,recEeqeebtoZ8iYrQ,Airwaves 2/27,2025-02-27,In-Store Activation,Airwaves,"",Internal,2,false,1,true,has_cost,true,,1991.25,1991.25,,1991.25,7,,,2025-02-27,1991.25,1991.25,1991.25,0.0,2026-09-04 16:04:02.844652
recsrlo9Pz8EZWCUX-2,recsrlo9Pz8EZWCUX,Toast activation,2025-03-12,In-Store Activation,One-off,Toast,Internal,2,false,1,true,no_budget_linked,false,,,,,,0,,,2025-03-12,,,,0.0,2026-09-04 16:04:02.844652
reccVDvSr8Oloh9US-2,reccVDvSr8Oloh9US,Pot o' Gold: Fifth,2025-03-15,In-Store Activation,One-off,Hudson,Internal,2,false,1,true,no_budget_linked,false,,,,,,0,,,2025-03-15,,,,0.0,2026-09-04 16:04:02.844652
rec3ouGXPLWEofNKv-2,rec3ouGXPLWEofNKv,Clear For Takeoff - Fifth,2025-03-16,In-Store Activation,Clear for Takeoff,"Kiva,reunion",Internal,2,false,1,true,has_cost,true,200.0,,200.0,,200.0,0,,,2025-03-16,,200.0,200.0,0.0,2026-09-04 16:04:02.844652
recTom3rzAFc1ORlM-4,recTom3rzAFc1ORlM,Pot o' Gold: Union Square,2025-03-16,In-Store Activation,One-off,Hudson,Internal,4,false,1,true,no_budget_linked,false,,,,,,0,,,2025-03-16,,,,0.0,2026-09-04 16:04:02.844652
recNae8j9dft7mzR1-1,recNae8j9dft7mzR1,Pot o' Gold Brooklyn,2025-03-17,In-Store Activation,One-off,Hudson,Internal,1,false,1,true,no_budget_linked,false,,,,,,0,,,2025-03-17,,,,0.0,2026-09-04 16:04:02.844652
rec9HsKQVLrmFFduD-1,rec9HsKQVLrmFFduD,Clear For Takeoff - Brooklyn,2025-03-23,In-Store Activation,Clear for Takeoff,"Tune,reunion",Internal,1,false,1,true,has_cost,true,500.0,,500.0,,500.0,0,,,2025-03-23,,500.0,500.0,0.0,2026-09-04 16:04:02.844652
recMcwGzfvDw0CgLe-1,recMcwGzfvDw0CgLe,Clear for Takeoff DTBK,2025-03-23,In-Store Activation,Clear for Takeoff,"",Internal,1,false,1,true,has_cost,true,200.0,,200.0,,200.0,0,,,2025-03-23,,200.0,200.0,0.0,2026-09-04 16:04:02.844652
rec98hraxQqHgnW7j-2,rec98hraxQqHgnW7j,Sleepy Girl Weekend: Fifth,2025-03-28,In-Store Activation,One-off,"Edie Parker,Chime & Chill",Internal,2,false,1,true,has_cost,true,,1123.71,1123.71,,1123.71,4,,,2025-03-28,1123.71,1123.71,1123.71,0.0,2026-09-04 16:04:02.844652
rectxiNyZ9bNJeYEJ-1,rectxiNyZ9bNJeYEJ,Sleepy Girl Weekend Brooklyn,2025-03-29,In-Store Activation,One-off,"Edie Parker,Chime & Chill",Internal,1,false,1,true,has_cost,true,,1123.71,1123.71,,1123.71,4,,,2025-03-29,1123.71,1123.71,1123.71,0.0,2026-09-04 16:04:02.844652
rec7UCFPLSya877HU-4,rec7UCFPLSya877HU,Sleepy Girl Weekend: Union Square,2025-03-30,In-Store Activation,One-off,"1906,Chime & Chill,Tune,Edie Parker",Internal,4,false,1,true,has_cost,true,,1123.71,1123.71,,1123.71,4,,,2025-03-30,1123.71,1123.71,1123.71,0.0,2026-09-04 16:04:02.844652
recadEIOP5oEStGZV-4,recadEIOP5oEStGZV,Wyld Flowers,2025-03-30,In-Store Activation,One-off,Wyld - GoodTyde,External,4,false,1,true,no_budget_linked,false,,,,,,0,,,2025-03-30,,,,0.0,2026-09-04 16:04:02.844652
recDXHUYqEww2jYV6-2,recDXHUYqEww2jYV6,Nova - Fifth,2025-04-03,In-Store Activation,One-off,Nova,Internal,2,false,1,true,no_budget_linked,false,,,,,,0,,,2025-04-03,,,,0.0,2026-09-04 16:04:02.844652
recNXjzklokOFLsG0-3,recNXjzklokOFLsG0,High Tea,2025-04-04,TTA Brand Event,One-off,"Harney Brothers,Off Hours",External,3,false,1,true,has_cost,true,18618.26,,18618.26,,18618.26,0,,,2025-04-04,,18618.26,18618.26,0.0,2026-09-04 16:04:02.844652
rec4VSFW3DkJn7CMa-4,rec4VSFW3DkJn7CMa,Clear For Takeoff - Union Square,2025-04-06,In-Store Activation,Clear for Takeoff,"Kiva,reunion",Internal,4,false,1,true,no_budget_linked,false,,,,,,0,,,2025-04-06,,,,0.0,2026-09-04 16:04:02.844652
recOL2ZeiKWCdnoFw-2,recOL2ZeiKWCdnoFw,Pax In-Store Activation Fifth Ave,2025-04-09,In-Store Activation,One-off,Rythm,Internal,2,false,1,true,no_budget_linked,false,,,,,,0,,,2025-04-09,,,,0.0,2026-09-04 16:04:02.844652
recnbM78SJx34Ey6K-1,recnbM78SJx34Ey6K,PAX In-Store Activation DTBK,2025-04-10,In-Store Activation,One-off,Rythm,Internal,1,false,1,true,no_budget_linked,false,,,,,,0,,,2025-04-10,,,,0.0,2026-09-04 16:04:02.844652
recLhiDYxBU4Bt0uq-1,recLhiDYxBU4Bt0uq,Airwaves: BK Vol1,2025-04-11,In-Store Activation,Airwaves,"",Internal,1,false,1,true,no_budget_linked,false,,,,,,0,,,2025-04-11,,,,0.0,2026-09-04 16:04:02.844652
recHr1hxvkGyU8xa3-1,recHr1hxvkGyU8xa3,Airwaves: BK edition sponsored by Nova,2025-04-11,In-Store Activation,Airwaves,"",Internal,1,false,1,true,no_budget_linked,false,,,,,,0,300,300,2025-04-11,,,,0.0,2026-09-04 16:04:02.844652
recV4OCfqjQa1qcJy-4,recV4OCfqjQa1qcJy,Pax In-Store Activation Union Square,2025-04-11,In-Store Activation,One-off,Rythm,Internal,4,false,1,true,no_budget_linked,false,,,,,,0,,,2025-04-11,,,,0.0,2026-09-04 16:04:02.844652
recn2ChU70LFb3mlF-4,recn2ChU70LFb3mlF,A Queen's High...Stakes with Her Highness,2025-04-12,Community Programming,One-off,"",External,4,false,3,true,no_budget_linked,false,,,,,,0,300,300,2025-04-12,,,,0.0,2026-09-04 16:04:02.844652
recn2ChU70LFb3mlF-1,recn2ChU70LFb3mlF,A Queen's High...Stakes with Her Highness,2025-04-12,Community Programming,One-off,"",External,1,false,3,true,no_budget_linked,false,,,,,,0,300,300,2025-04-12,,,,0.0,2026-09-04 16:04:02.844652
recn2ChU70LFb3mlF-2,recn2ChU70LFb3mlF,A Queen's High...Stakes with Her Highness,2025-04-12,Community Programming,One-off,"",External,2,false,3,true,no_budget_linked,false,,,,,,0,300,300,2025-04-12,,,,0.0,2026-09-04 16:04:02.844652
recKc9vG9wjDD8f2k-1,recKc9vG9wjDD8f2k,Airwaves: Knicks vs Nets,2025-04-13,In-Store Activation,Airwaves,STAYME7O,Internal,1,false,1,true,no_budget_linked,false,,,,,,0,,,2025-04-13,,,,0.0,2026-09-04 16:04:02.844652
rec0pTfTB1cWqYWYI-0,rec0pTfTB1cWqYWYI,Grassland Gala,2025-04-13,Community Programming,One-off,"",External,0,true,0,false,no_budget_linked,false,,,,,,0,,,2025-04-13,,,,0.0,2026-09-04 16:04:02.844652
recDXN0WcDQof59cF-4,recDXN0WcDQof59cF,420 Activations,2025-04-14,In-Store Activation,One-off,"",Internal,4,false,3,true,no_budget_linked,false,,,,,,0,,,2025-04-14,,,,0.0,2026-09-04 16:04:02.844652
recDXN0WcDQof59cF-2,recDXN0WcDQof59cF,420 Activations,2025-04-14,In-Store Activation,One-off,"",Internal,2,false,3,true,no_budget_linked,false,,,,,,0,,,2025-04-14,,,,0.0,2026-09-04 16:04:02.844652
recDXN0WcDQof59cF-1,recDXN0WcDQof59cF,420 Activations,2025-04-14,In-Store Activation,One-off,"",Internal,1,false,3,true,no_budget_linked,false,,,,,,0,,,2025-04-14,,,,0.0,2026-09-04 16:04:02.844652
recjHkL8CsSxqf4fD-2,recjHkL8CsSxqf4fD,420 Florist Farms - DIY Salt Scrub Bar - Fifth Ave,2025-04-14,In-Store Activation,One-off,"Head & Heal,Tune,Florist Farms",Internal,2,false,1,true,no_budget_linked,false,,,,,,0,,,2025-04-14,,,,0.0,2026-09-04 16:04:02.844652
recfb5lSMtTqDjLc7-4,recfb5lSMtTqDjLc7,420 Hudson Tote Bag - USQ,2025-04-15,In-Store Activation,One-off,Hudson,Internal,4,false,1,true,no_budget_linked,false,,,,,,0,,,2025-04-15,,,,0.0,2026-09-04 16:04:02.844652
recqG0Y8JVNH7DAIn-2,recqG0Y8JVNH7DAIn,420 Rove - Lighter Bedazzling- Fifth Ave,2025-04-15,In-Store Activation,One-off,Rove,Internal,2,false,1,true,no_budget_linked,false,,,,,,0,,,2025-04-15,,,,0.0,2026-09-04 16:04:02.844652
recSQjb4nZtjhU4fj-2,recSQjb4nZtjhU4fj,"420 Dosist - Wellness, but Make It Fashion - Fifth Ave",2025-04-16,In-Store Activation,One-off,Dosist,Internal,2,false,1,true,no_budget_linked,false,,,,,,0,,,2025-04-16,,,,0.0,2026-09-04 16:04:02.844652
recTuf0Wo8gHAvZDG-4,recTuf0Wo8gHAvZDG,420 Weekenders Wire Sculptor - USQ,2025-04-16,In-Store Activation,One-off,Weekenders,Internal,4,false,1,true,no_budget_linked,false,,,,,,0,,,2025-04-16,,,,0.0,2026-09-04 16:04:02.844652
recf95g3FjXjj5764-2,recf95g3FjXjj5764,Airwaves: 420 Fifth,2025-04-17,In-Store Activation,Airwaves,"",Internal,2,false,1,true,no_budget_linked,false,,,,,,0,,,2025-04-17,,,,0.0,2026-09-04 16:04:02.844652
rec9XMKLximY4tvBc-2,rec9XMKLximY4tvBc,Carmelo Anthony Guest Travel Agent,2025-04-17,TTA Brand Event,One-off,STAYME7O,Internal,2,false,1,true,no_budget_linked,false,,,,,,0,,,2025-04-17,,,,0.0,2026-09-04 16:04:02.844652
recJyAdMytH3EdPot-2,recJyAdMytH3EdPot,420 Heavy Hitters - Lobby Photo Activation - Fifth Ave,2025-04-18,In-Store Activation,One-off,Heavy Hitters,Internal,2,false,1,true,no_budget_linked,false,,,,,,0,,,2025-04-18,,,,0.0,2026-09-04 16:04:02.844652
rec5QdYxsVO6SgYJE-1,rec5QdYxsVO6SgYJE,Airwaves: 420 DTBK,2025-04-18,In-Store Activation,Airwaves,"",Internal,1,false,1,true,no_budget_linked,false,,,,,,0,,,2025-04-18,,,,0.0,2026-09-04 16:04:02.844652
rectg93tISYVX6eFj-2,rectg93tISYVX6eFj,420 Camino - Lobby Photo Activation - Fifth Ave,2025-04-19,In-Store Activation,One-off,Camino,Internal,2,false,1,true,no_budget_linked,false,,,,,,0,,,2025-04-19,,,,0.0,2026-09-04 16:04:02.844652
recHETrUMIhrkXsD6-4,recHETrUMIhrkXsD6,Airwaves: 420 USQ,2025-04-19,In-Store Activation,Airwaves,"",Internal,4,false,1,true,no_budget_linked,false,,,,,,0,,,2025-04-19,,,,0.0,2026-09-04 16:04:02.844652
recggK8o36VAuBV5T-2,recggK8o36VAuBV5T,Collective High CityWide Scavenger Hunt,2025-04-19,Community Programming,One-off,"",External,2,false,1,true,has_cost,true,773.0,,773.0,,773.0,0,100,100,2025-04-19,,773.0,773.0,0.0,2026-09-04 16:04:02.844652
rec3Hj4oxLz9MbdCR-1,rec3Hj4oxLz9MbdCR,420 High Neighbor: Brooklyn,2025-04-20,In-Store Activation,One-off,Ayrloom,Internal,1,false,1,true,has_cost,true,,4913.67,4913.67,,4913.67,1,,,2025-04-20,4913.67,4913.67,4913.67,0.0,2026-09-04 16:04:02.844652
recwGy6rAoM2fnbxu-2,recwGy6rAoM2fnbxu,420 High Neighbor: Fifth,2025-04-20,In-Store Activation,One-off,"",Internal,2,false,1,true,has_cost,true,,4913.67,4913.67,,4913.67,1,,,2025-04-20,4913.67,4913.67,4913.67,0.0,2026-09-04 16:04:02.844652
recfXUBT4FnpNsXvZ-4,recfXUBT4FnpNsXvZ,420 High Neighbor: Union Square,2025-04-20,In-Store Activation,One-off,"",Internal,4,false,1,true,has_cost,true,,4913.67,4913.67,,4913.67,1,,,2025-04-20,4913.67,4913.67,4913.67,0.0,2026-09-04 16:04:02.844652
recy5AOcojCoKD70o-4,recy5AOcojCoKD70o,420 Snack Drops,2025-04-20,In-Store Activation,One-off,"",Internal,4,false,3,true,no_budget_linked,false,,,,,,0,,,2025-04-20,,,,0.0,2026-09-04 16:04:02.844652
recy5AOcojCoKD70o-1,recy5AOcojCoKD70o,420 Snack Drops,2025-04-20,In-Store Activation,One-off,"",Internal,1,false,3,true,no_budget_linked,false,,,,,,0,,,2025-04-20,,,,0.0,2026-09-04 16:04:02.844652
recy5AOcojCoKD70o-2,recy5AOcojCoKD70o,420 Snack Drops,2025-04-20,In-Store Activation,One-off,"",Internal,2,false,3,true,no_budget_linked,false,,,,,,0,,,2025-04-20,,,,0.0,2026-09-04 16:04:02.844652
recPzSbAjfjhEdQvt-1,recPzSbAjfjhEdQvt,Earth Day - Old Pal,2025-04-22,Community Programming,One-off,Old Pal,External,1,false,1,true,no_budget_linked,false,,,,,,0,,,2025-04-22,,,,0.0,2026-09-04 16:04:02.844652
recj1i5rRBBpHREwW-1,recj1i5rRBBpHREwW,Old Pal - DTBK,2025-04-22,In-Store Activation,One-off,Old Pal,Internal,1,false,1,true,no_budget_linked,false,,,,,,0,,,2025-04-22,,,,0.0,2026-09-04 16:04:02.844652
recLG3uiOhcXD2fM4-1,recLG3uiOhcXD2fM4,Charli xcx April 30 (Street Team),2025-04-30,Street Team,One-off,"",External,1,false,1,true,has_cost,true,,3785.0,3785.0,,3785.0,1,,,2025-04-30,3785.0,3785.0,3785.0,0.0,2026-09-04 16:04:02.844652
recZiVupxcGdhiS75-2,recZiVupxcGdhiS75,Airwaves @ Fifth May 1,2025-05-01,In-Store Activation,Airwaves,"",Internal,2,false,1,true,has_cost,true,,39.7,39.7,,39.7,1,,,2025-05-01,39.7,39.7,39.7,0.0,2026-09-04 16:04:02.844652
reclXtlUUx7nsyiRM-2,reclXtlUUx7nsyiRM,Catbird + TTA Sip & Style,2025-05-01,Community Programming,One-off,"",External,2,false,1,true,has_cost,true,,39.7,39.7,,39.7,1,,,2025-05-01,39.7,39.7,39.7,0.0,2026-09-04 16:04:02.844652
recmkI8hNcGFDUbjx-1,recmkI8hNcGFDUbjx,Charli xcx May 1 (Street Team),2025-05-01,Street Team,One-off,"",External,1,false,1,true,no_budget_linked,false,,,,,,0,,,2025-05-01,,,,0.0,2026-09-04 16:04:02.844652
recDA4yRJju6PUZZo-1,recDA4yRJju6PUZZo,Charli xcx May 3 (Street Team),2025-05-03,Street Team,One-off,"",External,1,false,1,true,no_budget_linked,false,,,,,,0,,,2025-05-03,,,,0.0,2026-09-04 16:04:02.844652
receBYX8m79V2uPbN-1,receBYX8m79V2uPbN,Charli xcx May 4 (Street Team),2025-05-04,Street Team,One-off,"",External,1,false,1,true,no_budget_linked,false,,,,,,0,,,2025-05-04,,,,0.0,2026-09-04 16:04:02.844652
recm6pTFH8de7BSHU-4,recm6pTFH8de7BSHU,Secret Film Night w/NYCFF,2025-05-04,Community Programming,One-off,"",External,4,false,1,true,no_budget_linked,false,,,,,,0,60,60,2025-05-04,,,,0.0,2026-09-04 16:04:02.844652
recddh89qivC4r6Xp-3,recddh89qivC4r6Xp,SoHo Ribbon Cutting,2025-05-07,In-Store Activation,One-off,"",Internal,3,false,1,true,no_budget_linked,false,,,,,,0,,,2025-05-07,,,,0.0,2026-09-04 16:04:02.844652
recDlaJD0efEOabrk-2,recDlaJD0efEOabrk,Airwaves @ Fifth May 8,2025-05-08,In-Store Activation,Airwaves,"",Internal,2,false,1,true,no_budget_linked,false,,,,,,0,,,2025-05-08,,,,0.0,2026-09-04 16:04:02.844652
rec1xuckrhzV0C92n-0,rec1xuckrhzV0C92n,Austim Awareness community Event,2025-05-08,Community Programming,One-off,"",External,0,true,0,false,no_budget_linked,false,,,,,,0,,,2025-05-08,,,,0.0,2026-09-04 16:04:02.844652
recR9Mtz9kSYZrBqd-1,recR9Mtz9kSYZrBqd,BAM: Live Music Thursday (Street Team),2025-05-08,Street Team,One-off,"",External,1,false,1,true,no_budget_linked,false,,,,,,0,,,2025-05-08,,,,0.0,2026-09-04 16:04:02.844652
reccWkoUU681gcc8n-3,reccWkoUU681gcc8n,Rythm - Soho,2025-05-08,In-Store Activation,One-off,"",Internal,3,false,1,true,no_budget_linked,false,,,,,,0,,,2025-05-08,,,,0.0,2026-09-04 16:04:02.844652
recrNCBSvGXhucjY7-0,recrNCBSvGXhucjY7,TTA + The Other Half Art Fair,2025-05-08,Community Programming,One-off,"",External,0,true,0,false,no_budget_linked,false,,,,,,0,,,2025-05-08,,,,0.0,2026-09-04 16:04:02.844652
recrxrvzLhrCnASkV-1,recrxrvzLhrCnASkV,Her Highness TTA In-Store Activation- DTBK 5/9,2025-05-09,In-Store Activation,One-off,Her Highness,External,1,false,1,true,no_budget_linked,false,,,,,,0,,,2025-05-09,,,,0.0,2026-09-04 16:04:02.844652
recnrp5l6guNyOUwy-1,recnrp5l6guNyOUwy,Liberty PreSeason (Sun @ Liberty 7pm) (Street Team),2025-05-09,Street Team,One-off,"",External,1,false,1,true,no_budget_linked,false,,,,,,0,,,2025-05-09,,,,0.0,2026-09-04 16:04:02.844652
recPDKuirLf7usSTp-0,recPDKuirLf7usSTp,"Mysha #MotherYourself 2025",2025-05-09,TTA Brand Event,One-off,"",External,0,true,0,false,has_cost,true,7571.91,,7571.91,,7571.91,0,,,2025-05-09,,7571.91,7571.91,0.0,2026-09-04 16:04:02.844652
recYkxpl85hI3e0ts-2,recYkxpl85hI3e0ts,Rythm - Fifth Ave,2025-05-09,In-Store Activation,One-off,"",Internal,2,false,1,true,no_budget_linked,false,,,,,,0,,,2025-05-09,,,,0.0,2026-09-04 16:04:02.844652
recVoM1cz0Y45hHKY-4,recVoM1cz0Y45hHKY,FlowersforFlower: A floral pop up with Brooklyn Blooms,2025-05-10,In-Store Activation,One-off,"",Internal,4,false,4,false,no_budget_linked,false,,,,,,0,,,2025-05-10,,,,0.0,2026-09-04 16:04:02.844652
recVoM1cz0Y45hHKY-1,recVoM1cz0Y45hHKY,FlowersforFlower: A floral pop up with Brooklyn Blooms,2025-05-10,In-Store Activation,One-off,"",Internal,1,false,4,false,no_budget_linked,false,,,,,,0,,,2025-05-10,,,,0.0,2026-09-04 16:04:02.844652
recVoM1cz0Y45hHKY-2,recVoM1cz0Y45hHKY,FlowersforFlower: A floral pop up with Brooklyn Blooms,2025-05-10,In-Store Activation,One-off,"",Internal,2,false,4,false,no_budget_linked,false,,,,,,0,,,2025-05-10,,,,0.0,2026-09-04 16:04:02.844652
recVoM1cz0Y45hHKY-3,recVoM1cz0Y45hHKY,FlowersforFlower: A floral pop up with Brooklyn Blooms,2025-05-10,In-Store Activation,One-off,"",Internal,3,false,4,false,no_budget_linked,false,,,,,,0,,,2025-05-10,,,,0.0,2026-09-04 16:04:02.844652
recSZRavXtnkvvMoc-0,recSZRavXtnkvvMoc,Weed Auntie Hemp Jumpsuit Launch,2025-05-11,Community Programming,One-off,"",External,0,true,0,false,no_budget_linked,false,,,,,,0,,,2025-05-11,,,,0.0,2026-09-04 16:04:02.844652
recTqHGOCNc8EdaZu-1,recTqHGOCNc8EdaZu,Rythm - DTBK,2025-05-14,In-Store Activation,One-off,"",Internal,1,false,1,true,no_budget_linked,false,,,,,,0,,,2025-05-14,,,,0.0,2026-09-04 16:04:02.844652
recHe7GrSrKtYHTB9-2,recHe7GrSrKtYHTB9,Airwaves @ Fifth May 15,2025-05-15,In-Store Activation,Airwaves,"",Internal,2,false,1,true,no_budget_linked,false,,,,,,0,,,2025-05-15,,,,0.0,2026-09-04 16:04:02.844652
recFrkyjiJFi0RGnm-1,recFrkyjiJFi0RGnm,Good Neighbors of Park Slope (salesfloor tour),2025-05-15,In-Store Activation,One-off,"",External,1,false,1,true,no_budget_linked,false,,,,,,0,,,2025-05-15,,,,0.0,2026-09-04 16:04:02.844652
rec4j85L7EWYy9mgv-4,rec4j85L7EWYy9mgv,Rythm - USQ,2025-05-15,In-Store Activation,One-off,"",Internal,4,false,1,true,no_budget_linked,false,,,,,,0,,,2025-05-15,,,,0.0,2026-09-04 16:04:02.844652
reclx6SAD8lfCodby-0,reclx6SAD8lfCodby,The Mother Code Launch Event @ The Center for Fiction,2025-05-15,TTA Brand Event,One-off,Eaton Botanicals,External,0,true,0,false,has_cost,true,10259.75,,10259.75,,10259.75,0,60,60,2025-05-15,,10259.75,10259.75,0.0,2026-09-04 16:04:02.844652
recUrvVbJBSUbview-1,recUrvVbJBSUbview,Liberty Season Opener (Aces @ Liberty 1pm) (Street Team),2025-05-17,Street Team,One-off,"",External,1,false,1,true,no_budget_linked,false,,,,,,0,,,2025-05-17,,,,0.0,2026-09-04 16:04:02.844652
recZ2PGu9aUqAMOdc-4,recZ2PGu9aUqAMOdc,Pax TTA In-Store Activation- USQ,2025-05-21,In-Store Activation,One-off,Rythm,Internal,4,false,1,true,no_budget_linked,false,,,,,,0,,,2025-05-21,,,,0.0,2026-09-04 16:04:02.844652
recuYVbAJ4ufFSaEy-2,recuYVbAJ4ufFSaEy,Airwaves @ Fifth May 22,2025-05-22,In-Store Activation,Airwaves,"",Internal,2,false,1,true,no_budget_linked,false,,,,,,0,,,2025-05-22,,,,0.0,2026-09-04 16:04:02.844652
rec4lPEuZzzcbzqCE-1,rec4lPEuZzzcbzqCE,Pax TTA In-Store Activation- DTBK,2025-05-22,In-Store Activation,One-off,Rythm,Internal,1,false,1,true,no_budget_linked,false,,,,,,0,,,2025-05-22,,,,0.0,2026-09-04 16:04:02.844652
reciZM3xEcftZlM3W-2,reciZM3xEcftZlM3W,Pax TTA In-Store Activation- Fifth Ave,2025-05-23,In-Store Activation,One-off,Rythm,Internal,2,false,1,true,no_budget_linked,false,,,,,,0,,,2025-05-23,,,,0.0,2026-09-04 16:04:02.844652
recAT5GJDKGEaPTt2-1,recAT5GJDKGEaPTt2,Dance Africa (Street Team),2025-05-24,Street Team,One-off,"",External,1,false,1,true,has_cost,true,,3785.0,3785.0,,3785.0,1,,,2025-05-24,3785.0,3785.0,3785.0,0.0,2026-09-04 16:04:02.844652
rec4kyJCEfiK1YLJB-1,rec4kyJCEfiK1YLJB,Liberty vs Valkyries @ 7pm (Street Team),2025-05-27,Street Team,One-off,"",External,1,false,1,true,no_budget_linked,false,,,,,,0,,,2025-05-27,,,,0.0,2026-09-04 16:04:02.844652
recSQVzqfBjkGt82e-2,recSQVzqfBjkGt82e,Airwaves @ Fifth May 29,2025-05-29,In-Store Activation,Airwaves,"",Internal,2,false,1,true,no_budget_linked,false,,,,,,0,,,2025-05-29,,,,0.0,2026-09-04 16:04:02.844652
recFRwzxGtFKFUhou-1,recFRwzxGtFKFUhou,Liberty vs Valkyries @ 7pm (Street Team),2025-05-29,Street Team,One-off,"",External,1,false,1,true,no_budget_linked,false,,,,,,0,,,2025-05-29,,,,0.0,2026-09-04 16:04:02.844652
recmy3PgwrqWBIZ7r-3,recmy3PgwrqWBIZ7r,Airways @ SoHo,2025-05-31,In-Store Activation,One-off,"",Internal,3,false,1,true,no_budget_linked,false,,,,,,0,,,2025-05-31,,,,0.0,2026-09-04 16:04:02.844652
recrrWwfEI7ZV7W9r-1,recrrWwfEI7ZV7W9r,Liberty vs Sun @ 3pm (Street Team),2025-06-01,Street Team,One-off,"",External,1,false,1,true,no_budget_linked,false,,,,,,0,,,2025-06-01,,,,0.0,2026-09-04 16:04:02.844652
rec4VQnzWPSiowCnR-2,rec4VQnzWPSiowCnR,Buds & Blooms Jun 3 w. Fifth Ave Association,2025-06-03,In-Store Activation,Buds & Blooms,"",Internal,2,false,1,true,has_cost,true,,786.3220000000001,786.3220000000001,,786.3220000000001,1,600,600-800 customers,2025-06-03,707.69,707.69,707.69,78.63200000000006,2026-09-04 16:04:02.844652
recev8KIRybcxziHk-1,recev8KIRybcxziHk,Flamer & Sasha Colby Meet & Ki,2025-06-04,TTA Brand Event,One-off,Flamer,Internal,1,false,1,true,has_cost,true,132.01,,132.01,,132.01,0,,,2025-06-04,,132.01,132.01,0.0,2026-09-04 16:04:02.844652
reckTU6lqQPtDgN88-3,reckTU6lqQPtDgN88,Road to Relief:SoHo,2025-06-04,In-Store Activation,One-off,Papa & Barkley,Internal,3,false,1,true,no_budget_linked,false,,,,,,0,,,2025-06-04,,,,0.0,2026-09-04 16:04:02.844652
recBWZnMFQ7WA9Y4Z-2,recBWZnMFQ7WA9Y4Z,Buds & Blooms Jun 10 w. Fifth Ave Association,2025-06-10,In-Store Activation,Buds & Blooms,"",Internal,2,false,1,true,has_cost,true,,786.3220000000001,786.3220000000001,,786.3220000000001,1,600,600-800 customers,2025-06-10,707.69,707.69,707.69,78.63200000000006,2026-09-04 16:04:02.844652
rec1SG8FfRO6fhWdH-1,rec1SG8FfRO6fhWdH,Liberty vs Sky @ 8pm (Street Team),2025-06-10,Street Team,One-off,"",External,1,false,1,true,no_budget_linked,false,,,,,,0,,,2025-06-10,,,,0.0,2026-09-04 16:04:02.844652
recuczqqnG4EneUH1-0,recuczqqnG4EneUH1,Ace Hotel Pride Influencer Dinner,2025-06-12,TTA Brand Event,One-off,The Bettering Co,External,0,true,0,false,has_cost,true,8425.27,,8425.27,,8425.27,0,,,2025-06-12,,8425.27,8425.27,0.0,2026-09-04 16:04:02.844652
recFL11WyZmkJhs3F-4,recFL11WyZmkJhs3F,Road to Relief:USQ,2025-06-12,In-Store Activation,One-off,Papa & Barkley,Internal,4,false,1,true,no_budget_linked,false,,,,,,0,,,2025-06-12,,,,0.0,2026-09-04 16:04:02.844652
recKY21vb9c1kgbY2-1,recKY21vb9c1kgbY2,Brooklyn Pride (Street Team),2025-06-14,Street Team,One-off,"",External,1,false,1,true,no_budget_linked,false,,,,,,0,,,2025-06-14,,,,0.0,2026-09-04 16:04:02.844652
recPs4Owiw6GLnBOG-2,recPs4Owiw6GLnBOG,Buds & Blooms Jun 14 w. Fifth Ave Association,2025-06-14,In-Store Activation,Buds & Blooms,"",Internal,2,false,1,true,has_cost,true,,786.3220000000001,786.3220000000001,,786.3220000000001,1,600,600-800 customers,2025-06-14,707.69,707.69,707.69,78.63200000000006,2026-09-04 16:04:02.844652
recwbzlcFH2ZMGmz2-2,recwbzlcFH2ZMGmz2,Buds & Blooms Jun 17 w. Fifth Ave Association,2025-06-17,In-Store Activation,Buds & Blooms,"",Internal,2,false,1,true,has_cost,true,,786.3220000000001,786.3220000000001,,786.3220000000001,1,600,600-800 customers,2025-06-17,707.69,707.69,707.69,78.63200000000006,2026-09-04 16:04:02.844652
recfdYyYbHgvQdAoM-4,recfdYyYbHgvQdAoM,Fireside Chat: Impactful Womxn NYC x TTA,2025-06-17,In-Store Activation,One-off,"",External,4,false,1,true,no_budget_linked,false,,,,,,0,30,30-45,2025-06-17,,,,0.0,2026-09-04 16:04:02.844652
recldpcRExYCsZmBE-1,recldpcRExYCsZmBE,Liberty vs Dream @ 7pm (Street Team),2025-06-17,Street Team,One-off,"",External,1,false,1,true,no_budget_linked,false,,,,,,0,,,2025-06-17,,,,0.0,2026-09-04 16:04:02.844652
recVIiDqtfrNwDVLL-1,recVIiDqtfrNwDVLL,Liberty vs Mercury @ 7pm (Street Team),2025-06-19,Street Team,One-off,"",External,1,false,1,true,no_budget_linked,false,,,,,,0,,,2025-06-19,,,,0.0,2026-09-04 16:04:02.844652
recnFMIrjYXGfFGzO-2,recnFMIrjYXGfFGzO,Road to Relief:FIFTH,2025-06-19,In-Store Activation,One-off,Papa & Barkley,Internal,2,false,1,true,no_budget_linked,false,,,,,,0,,,2025-06-19,,,,0.0,2026-09-04 16:04:02.844652
recUABzUyo9e5L0Os-2,recUABzUyo9e5L0Os,Buds & Blooms Jun 21 w. Fifth Ave Association,2025-06-21,In-Store Activation,Buds & Blooms,"",Internal,2,false,1,true,has_cost,true,,786.3220000000001,786.3220000000001,,786.3220000000001,1,600,600-800 customers,2025-06-21,707.69,707.69,707.69,78.63200000000006,2026-09-04 16:04:02.844652
rec9L7TXKMlvmytsv-0,rec9L7TXKMlvmytsv,Stoner Pride,2025-06-21,TTA Brand Event,One-off,"",External,0,true,0,false,no_budget_linked,false,,,,,,0,,,2025-06-21,,,,0.0,2026-09-04 16:04:02.844652
recS4JX3ZmParkSps-2,recS4JX3ZmParkSps,Buds & Blooms Jun 22 w. Fifth Ave Association,2025-06-22,In-Store Activation,Buds & Blooms,"",Internal,2,false,1,true,has_cost,true,,786.3220000000001,786.3220000000001,,786.3220000000001,1,600,600-800 customers,2025-06-22,707.69,707.69,707.69,78.63200000000006,2026-09-04 16:04:02.844652
recHf35f80w6Cj5gZ-4,recHf35f80w6Cj5gZ,Off the Strength podcast x TTA:Fab5 (USQ),2025-06-23,In-Store Activation,One-off,B Noble,Internal,4,false,1,true,no_budget_linked,false,,,,,,0,,,2025-06-23,,,,0.0,2026-09-04 16:04:02.844652
rectmLltQOUN4Lcd4-2,rectmLltQOUN4Lcd4,Buds & Blooms Jun 24 w. Fifth Ave Association,2025-06-24,In-Store Activation,Buds & Blooms,"",Internal,2,false,1,true,has_cost,true,,786.3220000000001,786.3220000000001,,786.3220000000001,1,600,600-800 customers,2025-06-24,707.69,707.69,707.69,78.63200000000006,2026-09-04 16:04:02.844652
recQ9yKtsOzy08tZC-1,recQ9yKtsOzy08tZC,Off the Strength podcast x TTA:Arana (DTBK),2025-06-25,In-Store Activation,One-off,"The Travel Agency,Foy",Internal,1,false,1,true,no_budget_linked,false,,,,,,0,,,2025-06-25,,,,0.0,2026-09-04 16:04:02.844652
recLHabaIkVJQH581-1,recLHabaIkVJQH581,Road to Relief:BK,2025-06-26,In-Store Activation,One-off,Papa & Barkley,Internal,1,false,1,true,no_budget_linked,false,,,,,,0,,,2025-06-26,,,,0.0,2026-09-04 16:04:02.844652
recvNIsKVH8YD49uz-2,recvNIsKVH8YD49uz,Buds & Blooms Jun 28 w. Fifth Ave Association,2025-06-28,In-Store Activation,Buds & Blooms,"",Internal,2,false,1,true,has_cost,true,,786.3220000000001,786.3220000000001,,786.3220000000001,1,600,600-800 customers,2025-06-28,707.69,707.69,707.69,78.63200000000006,2026-09-04 16:04:02.844652
recPUoIA7WRIXc4te-4,recPUoIA7WRIXc4te,In-flight Film w/Joseph Patel PLACEHOLDER,2025-06-27,In-Store Activation,One-off,"",Internal,4,false,1,true,no_budget_linked,false,,,,,,0,,,2025-06-28,,,,0.0,2026-09-04 16:04:02.844652
recekk8C0RQCBdFvQ-2,recekk8C0RQCBdFvQ,Buds & Blooms Jun 29 w. Fifth Ave Association,2025-06-29,In-Store Activation,Buds & Blooms,"",Internal,2,false,1,true,has_cost,true,,786.3220000000001,786.3220000000001,,786.3220000000001,1,600,600-800 customers,2025-06-29,707.69,707.69,707.69,78.63200000000006,2026-09-04 16:04:02.844652
recA0Qhwy3fxITdA7-2,recA0Qhwy3fxITdA7,NY Pride (Street Team),2025-06-29,Street Team,One-off,"",External,2,false,1,true,no_budget_linked,false,,,,,,0,,,2025-06-29,,,,0.0,2026-09-04 16:04:02.844652
reckV1qjMBTWJdIbR-0,reckV1qjMBTWJdIbR,NYC Pride: FoodFest,2025-06-29,TTA Brand Event,One-off,"",External,0,true,0,false,has_cost,true,23.93,,23.93,,23.93,0,,,2025-06-29,,23.93,23.93,0.0,2026-09-04 16:04:02.844652
recqzqteAbfgzjLg5-1,recqzqteAbfgzjLg5,Liberty vs Sparks @ 7pm (Street Team),2025-07-03,In-Store Activation,One-off,"",External,1,false,1,true,no_budget_linked,false,,,,,,0,,,2025-07-03,,,,0.0,2026-09-04 16:04:02.844652
reckgsos1xWDd97Ik-1,reckgsos1xWDd97Ik,Liberty vs Fever @ 7:30pm (Street Team),2025-07-16,In-Store Activation,One-off,"",External,1,false,1,true,no_budget_linked,false,,,,,,0,,,2025-07-16,,,,0.0,2026-09-04 16:04:02.844652
recRlIR48jKYEpYPI-1,recRlIR48jKYEpYPI,Earlybirds Club,2025-07-18,In-Store Activation,One-off,Eaton Botanicals,Internal,1,false,1,true,no_budget_linked,false,,,,,,0,,,2025-07-18,,,,0.0,2026-09-04 16:04:02.844652
recXe34rxIlfzQLRU-1,recXe34rxIlfzQLRU,The Queen's Quest: A Juice Box Romp,2025-07-19,Community Programming,One-off,"",External,1,false,1,true,no_budget_linked,false,,,,,,0,80,80-100,2025-07-19,,,,0.0,2026-09-04 16:04:02.844652
rec4NPGt71WYBDwYd-3,rec4NPGt71WYBDwYd,Get Lost SoHo VIP,2025-07-22,TTA Brand Event,Get Lost,"",External,3,false,1,true,has_cost,true,21170.64,,21170.64,,21170.64,0,,,2025-07-22,,21170.64,21170.64,0.0,2026-09-04 16:04:02.844652
recIb4Dc7yXW1Vxp3-3,recIb4Dc7yXW1Vxp3,Get Lost: SoHo,2025-07-22,In-Store Activation,Get Lost,"",Internal,3,false,1,true,has_cost,true,,260.75,260.75,,260.75,3,,,2025-07-22,260.75,260.75,260.75,0.0,2026-09-04 16:04:02.844652
recfu69fye8lOp3Jq-4,recfu69fye8lOp3Jq,Get Lost: SoHo VIP,2025-07-22,TTA Brand Event,Get Lost,"",Internal,4,false,4,false,has_cost,true,,260.75,260.75,,260.75,3,,,2025-07-22,260.75,260.75,260.75,0.0,2026-09-04 16:04:02.844652
recfu69fye8lOp3Jq-1,recfu69fye8lOp3Jq,Get Lost: SoHo VIP,2025-07-22,TTA Brand Event,Get Lost,"",Internal,1,false,4,false,has_cost,true,,260.75,260.75,,260.75,3,,,2025-07-22,260.75,260.75,260.75,0.0,2026-09-04 16:04:02.844652
recfu69fye8lOp3Jq-2,recfu69fye8lOp3Jq,Get Lost: SoHo VIP,2025-07-22,TTA Brand Event,Get Lost,"",Internal,2,false,4,false,has_cost,true,,260.75,260.75,,260.75,3,,,2025-07-22,260.75,260.75,260.75,0.0,2026-09-04 16:04:02.844652
recfu69fye8lOp3Jq-3,recfu69fye8lOp3Jq,Get Lost: SoHo VIP,2025-07-22,TTA Brand Event,Get Lost,"",Internal,3,false,4,false,has_cost,true,,260.75,260.75,,260.75,3,,,2025-07-22,260.75,260.75,260.75,0.0,2026-09-04 16:04:02.844652
rec3UDiwnHB9pco4h-1,rec3UDiwnHB9pco4h,Liberty vs Fever GAME 2 @ 8pm (Street Team),2025-07-22,Street Team,One-off,"",External,1,false,1,true,no_budget_linked,false,,,,,,0,,,2025-07-22,,,,0.0,2026-09-04 16:04:02.844652
reczIZG5Cdi63Hbwr-4,reczIZG5Cdi63Hbwr,Get Lost: USQ,2025-07-23,In-Store Activation,Get Lost,"",Internal,4,false,1,true,has_cost,true,,260.75,260.75,,260.75,3,,,2025-07-23,260.75,260.75,260.75,0.0,2026-09-04 16:04:02.844652
recPTJ9IDmJfbQbLi-1,recPTJ9IDmJfbQbLi,Get Lost: DTBK,2025-07-24,In-Store Activation,Get Lost,"",Internal,1,false,1,true,has_cost,true,,260.75,260.75,,260.75,3,,,2025-07-24,260.75,260.75,260.75,0.0,2026-09-04 16:04:02.844652
recBwVfoNfHpJKSux-0,recBwVfoNfHpJKSux,Rooftop Films x A24,2025-07-24,TTA Brand Event,One-off,"",External,0,true,0,false,has_cost,true,1500.0,,1500.0,,1500.0,0,,,2025-07-24,,1500.0,1500.0,0.0,2026-09-04 16:04:02.844652
reciZm295OTQDcRS5-2,reciZm295OTQDcRS5,Get Lost: Fifth Ave,2025-07-25,In-Store Activation,Get Lost,"",Internal,2,false,1,true,has_cost,true,,260.75,260.75,,260.75,3,,,2025-07-25,260.75,260.75,260.75,0.0,2026-09-04 16:04:02.844652
recnnTb05M56RXEuE-1,recnnTb05M56RXEuE,Doll Invasion - Fire Island,2025-08-23,TTA Brand Event,One-off,Flamer,External,1,false,4,false,has_cost,true,2000.0,,2000.0,,2000.0,0,,,2025-08-23,,2000.0,2000.0,0.0,2026-09-04 16:04:02.844652
recnnTb05M56RXEuE-2,recnnTb05M56RXEuE,Doll Invasion - Fire Island,2025-08-23,TTA Brand Event,One-off,Flamer,External,2,false,4,false,has_cost,true,2000.0,,2000.0,,2000.0,0,,,2025-08-23,,2000.0,2000.0,0.0,2026-09-04 16:04:02.844652
recnnTb05M56RXEuE-4,recnnTb05M56RXEuE,Doll Invasion - Fire Island,2025-08-23,TTA Brand Event,One-off,Flamer,External,4,false,4,false,has_cost,true,2000.0,,2000.0,,2000.0,0,,,2025-08-23,,2000.0,2000.0,0.0,2026-09-04 16:04:02.844652
recnnTb05M56RXEuE-3,recnnTb05M56RXEuE,Doll Invasion - Fire Island,2025-08-23,TTA Brand Event,One-off,Flamer,External,3,false,4,false,has_cost,true,2000.0,,2000.0,,2000.0,0,,,2025-08-23,,2000.0,2000.0,0.0,2026-09-04 16:04:02.844652
recs7OI6YKc99zJCT-1,recs7OI6YKc99zJCT,Doll Invasion - In-Store,2025-08-23,In-Store Activation,One-off,Flamer,Internal,1,false,1,true,no_budget_linked,false,,,,,,0,,,2025-08-23,,,,0.0,2026-09-04 16:04:02.844652
recj1x7kXKOCTuRCI-1,recj1x7kXKOCTuRCI,Planet Brooklyn 2-day Music Festival,2025-08-23,TTA Brand Event,One-off,"",External,1,false,1,true,no_budget_linked,false,,,,,,0,,,2025-08-23,,,,0.0,2026-09-04 16:04:02.844652
recutWgEUGjijgU9g-4,recutWgEUGjijgU9g,Back to Cool x Cloud Bar USQ,2025-09-04,In-Store Activation,One-off,Zenco,Internal,4,false,1,true,has_cost,true,,1218.75,1218.75,,1218.75,1,,,2025-09-04,1218.75,1218.75,1218.75,0.0,2026-09-04 16:04:02.844652
recYtvGKl8Ub2olAB-1,recYtvGKl8Ub2olAB,Back to Cool x Cloud Bar DTBK,2025-09-12,In-Store Activation,One-off,Zenco,Internal,1,false,1,true,has_cost,true,,1218.75,1218.75,,1218.75,1,,,2025-09-12,1218.75,1218.75,1218.75,0.0,2026-09-04 16:04:02.844652
recD42qp1BiHwaM5m-0,recD42qp1BiHwaM5m,One Year Re-Opening Anniversary Party UCB,2025-09-12,Community Programming,One-off,"",External,0,true,0,false,no_budget_linked,false,,,,,,0,250,250,2025-09-13,,,,0.0,2026-09-04 16:04:02.844652
recqtIDxTG32tLWY5-0,recqtIDxTG32tLWY5,All-Star Karaoke @ Sapoara (Hosted by: Patrick L. Riley),2025-09-17,Community Programming,One-off,"",External,0,true,0,false,no_budget_linked,false,,,,,,0,40,40+,2025-09-17,,,,0.0,2026-09-04 16:04:02.844652
recFGVn87F2LP5Akw-1,recFGVn87F2LP5Akw,FOGO de Chao tasting,2025-09-17,In-Store Activation,One-off,"",External,1,false,1,true,no_budget_linked,false,,,,,,0,,,2025-09-17,,,,0.0,2026-09-04 16:04:02.844652
recQrSefSI5GKiqMS-3,recQrSefSI5GKiqMS,Back to Cool x Cloud Bar SoHo,2025-09-18,In-Store Activation,One-off,Zenco,Internal,3,false,1,true,has_cost,true,,1218.75,1218.75,,1218.75,1,,,2025-09-18,1218.75,1218.75,1218.75,0.0,2026-09-04 16:04:02.844652
recvJR4EyymqEyWN8-0,recvJR4EyymqEyWN8,Tray Tables Up Sept 19,2025-09-19,TTA Brand Event,Tray Tables Up,"",External,0,true,0,false,has_cost,true,3281.92,,3281.92,,3281.92,0,,,2025-09-19,,3281.92,3281.92,0.0,2026-09-04 16:04:02.844652
rec75dGh10MkD6gKQ-0,rec75dGh10MkD6gKQ,Puff & Paint,2025-09-20,Community Programming,One-off,"",External,0,true,0,false,no_budget_linked,false,,,,,,0,,,2025-09-20,,,,0.0,2026-09-04 16:04:02.844652
recIQN8FoO3Lva760-0,recIQN8FoO3Lva760,Marie Faustin's Birthday Party,2025-09-23,TTA Brand Event,One-off,"",External,0,true,0,false,no_budget_linked,false,,,,,,0,100,~100,2025-09-24,,,,0.0,2026-09-04 16:04:02.844652
reciAzeSrSTqmSBKj-2,reciAzeSrSTqmSBKj,Back to Cool x Cloud Bar Fifth,2025-09-25,In-Store Activation,One-off,Zenco,Internal,2,false,1,true,has_cost,true,,1218.75,1218.75,,1218.75,1,,,2025-09-25,1218.75,1218.75,1218.75,0.0,2026-09-04 16:04:02.844652
recxCti2j6QNiSgIr-0,recxCti2j6QNiSgIr,"All Things Go Festival Day #1",2025-09-26,TTA Brand Event,One-off,"Fernway ,Wyld - GoodTyde,Butter",External,0,true,0,false,has_cost,true,300.0,15614.91,15914.91,,15914.91,8,,,2025-09-26,15614.91,15914.91,15914.91,0.0,2026-09-04 16:04:02.844652
recghImFAS4b3QtjO-0,recghImFAS4b3QtjO,"All Things Go Festival Day #2",2025-09-27,TTA Brand Event,One-off,"Fernway ,Wyld - GoodTyde,Butter",External,0,true,0,false,has_cost,true,,15614.91,15614.91,,15614.91,8,,,2025-09-27,15614.91,15614.91,15614.91,0.0,2026-09-04 16:04:02.844652
recuL8AkdkXSHNeKW-0,recuL8AkdkXSHNeKW,"All Things Go Festival Day #3",2025-09-28,TTA Brand Event,One-off,"Fernway ,Wyld - GoodTyde,Butter",External,0,true,0,false,has_cost,true,,15614.91,15614.91,,15614.91,8,,,2025-09-28,15614.91,15614.91,15614.91,0.0,2026-09-04 16:04:02.844652
rec7qiKUsT0IkW04f-0,rec7qiKUsT0IkW04f,New York Film Festival: Evidence Screening,2025-09-29,TTA Brand Event,One-off,Ruby Farms Kingston Reserve LLC,External,0,true,0,false,has_cost,true,,5000.0,5000.0,,5000.0,1,,,2025-09-29,5000.0,5000.0,5000.0,0.0,2026-09-04 16:04:02.844652
recqxtgccS0xR8iih-0,recqxtgccS0xR8iih,"New York Film Festival:  Evidence, Hair Paper Water, Dracula Screenings",2025-09-30,TTA Brand Event,One-off,Ruby Farms Kingston Reserve LLC,External,0,true,0,false,has_cost,true,,5000.0,5000.0,,5000.0,1,,,2025-09-30,5000.0,5000.0,5000.0,0.0,2026-09-04 16:04:02.844652
recxGLBZZh911mScH-0,recxGLBZZh911mScH,"New York Film Festival: Ecce Mole, Hair Paper Water, Drunken Noodles Screenings",2025-10-01,TTA Brand Event,One-off,"Ruby Farms Kingston Reserve LLC,MFNY",External,0,true,0,false,has_cost,true,,5000.0,5000.0,,5000.0,1,,,2025-10-01,5000.0,5000.0,5000.0,0.0,2026-09-04 16:04:02.844652
rec1TdvMpoR5RXSsY-0,rec1TdvMpoR5RXSsY,New York Film Festival: Centerpiece After Party & Mare's Nest Screening,2025-10-02,TTA Brand Event,One-off,"Ruby Farms Kingston Reserve LLC,MFNY",External,0,true,0,false,has_cost,true,2270.93,5000.0,7270.93,,7270.93,1,,,2025-10-02,5000.0,7270.93,7270.93,0.0,2026-09-04 16:04:02.844652
rec0VoZS7ubnPC5dS-1,rec0VoZS7ubnPC5dS,Earlybirds Club Oct,2025-10-04,In-Store Activation,One-off,Eaton Botanicals,Internal,1,false,1,true,has_cost,true,561.47,,561.47,,561.47,0,,,2025-10-04,,561.47,561.47,0.0,2026-09-04 16:04:02.844652
recEuL4bS17chgnaX-4,recEuL4bS17chgnaX,Witchcraft In-Store: Ithaca Organics,2025-10-09,In-Store Activation,Witchcraft,Ithaca Organics Cannabis Co.,Internal,4,false,1,true,has_cost,true,1121.5,226.48,1347.98,,1347.98,1,,,2025-10-09,226.48,1347.98,1347.98,0.0,2026-09-04 16:04:02.844652
reciZr7dWWgdDEPIk-3,reciZr7dWWgdDEPIk,Witchcraft In-Store: Umamii,2025-10-15,In-Store Activation,Witchcraft,Umamii,Internal,3,false,1,true,has_cost,true,,750.54,750.54,,750.54,3,,,2025-10-15,750.54,750.54,750.54,0.0,2026-09-04 16:04:02.844652
recpduYG9L8x5LJK5-0,recpduYG9L8x5LJK5,BOYS CLUB Series Premiere,2025-10-20,Community Programming,One-off,"",External,0,true,0,false,no_budget_linked,false,,,,,,0,153,153,2025-10-20,,,,0.0,2026-09-04 16:04:02.844652
recoZRrtuLw6beGaM-0,recoZRrtuLw6beGaM,Talib Kweli 50th Birthday Celebration,2025-10-21,Community Programming,One-off,"",External,0,true,0,false,no_budget_linked,false,,,,,,0,300,300 to 400 people ,2025-10-21,,,,0.0,2026-09-04 16:04:02.844652
recWFF6MxaO6Sdmlp-1,recWFF6MxaO6Sdmlp,Witchcraft In-Store: Dada @ DTBK,2025-10-23,In-Store Activation,Witchcraft,Dada Exotics,Internal,1,false,1,true,has_cost,true,283.28,524.06,807.34,,807.34,2,,,2025-10-23,524.06,807.34,807.34,0.0,2026-09-04 16:04:02.844652
rec0pk4rBlfyqq0pX-0,rec0pk4rBlfyqq0pX,Witchcraft Faire,2025-10-26,Loyalty,Witchcraft,"Aeterna,Dada Exotics,Ravens View Genetics,Umamii",External,0,true,0,false,has_cost,true,10036.27,,10036.27,,10036.27,0,,,2025-10-26,,10036.27,10036.27,0.0,2026-09-04 16:04:02.844652
rec6EHkn41v4gznsA-0,rec6EHkn41v4gznsA,Tray Tables Up Oct 28  The Kitchn.,2025-10-28,TTA Brand Event,Tray Tables Up,"",External,0,true,0,false,has_cost,true,205.89,,205.89,,205.89,0,8,8,2025-10-28,,205.89,205.89,0.0,2026-09-04 16:04:02.844652
reclnEmE8IcMYgyXF-0,reclnEmE8IcMYgyXF,Sessions 'Meet N Talk' Presents: The Pregame at the Ace DTBK,2025-10-29,Community Programming,One-off,"",External,0,true,0,false,no_budget_linked,false,,,,,,0,100,100+,2025-10-29,,,,0.0,2026-09-04 16:04:02.844652
recW6JC2sSbE57xDL-2,recW6JC2sSbE57xDL,Witchcraft In-Store: Ravensview @ FIFTH,2025-10-29,In-Store Activation,Witchcraft,Ravens View Genetics,Internal,2,false,1,true,has_cost,true,,750.54,750.54,,750.54,3,,,2025-10-29,750.54,750.54,750.54,0.0,2026-09-04 16:04:02.844652
recfzeclEFiva7OVQ-0,recfzeclEFiva7OVQ,"Julio Torres Presents: ""The Cursed Amulet""",2025-10-30,TTA Brand Event,One-off,"",External,0,true,0,false,has_cost,true,15580.69,,15580.69,,15580.69,0,1000,1000 attendees ,2025-10-31,,15580.69,15580.69,0.0,2026-09-04 16:04:02.844652
rec3XQYceiwHBGdWH-0,rec3XQYceiwHBGdWH,UCBLK,2025-11-01,Community Programming,One-off,"",External,0,true,0,false,no_budget_linked,false,,,,,,0,,,2025-11-01,,,,0.0,2026-09-04 16:04:02.844652
reca1Y9xF4Dg8v9H3-3,reca1Y9xF4Dg8v9H3,House of High: Opening Party,2025-11-06,TTA Brand Event,House of High,"Select,Turn,Find.,Grassroots",Internal,3,false,1,true,has_cost,true,,18623.73,18623.73,,18623.73,4,150,150,2025-11-06,18623.73,18623.73,18623.73,0.0,2026-09-04 16:04:02.844652
recrfWuDV2WYkRThN-0,recrfWuDV2WYkRThN,Lower Eastside Girls Club’s Fall Fling,2025-11-06,Community Programming,One-off,"",External,0,true,0,false,no_budget_linked,false,,,,,,0,100,100,2025-11-06,,,,0.0,2026-09-04 16:04:02.844652
recn8BnIXISgJUja5-0,recn8BnIXISgJUja5,First Novel Friday Series: Center for Fiction,2025-11-07,TTA Brand Event,One-off,Harney Brothers,External,0,true,0,false,has_cost,true,5209.47,,5209.47,,5209.47,0,100,~100 attendees per event,2025-11-07,,5209.47,5209.47,0.0,2026-09-04 16:04:02.844652
recStZYv5UYjEW7sJ-3,recStZYv5UYjEW7sJ,House of High: A Cannabis Imaginarium,2025-11-07,In-Store Activation,House of High,"Select,Turn,Find.,Grassroots",Internal,3,false,1,true,has_cost,true,,18623.73,18623.73,,18623.73,4,150,150,2025-11-07,18623.73,18623.73,18623.73,0.0,2026-09-04 16:04:02.844652
recCNR9BnxyP8c6a4-0,recCNR9BnxyP8c6a4,Tray Tables Up Nov 7,2025-11-07,TTA Brand Event,Tray Tables Up,"",External,0,true,0,false,has_cost,true,485.56,161.85,647.41,,647.41,1,,,2025-11-07,161.85,647.41,647.41,0.0,2026-09-04 16:04:02.844652
rec2csqR6nettEmZZ-0,rec2csqR6nettEmZZ,Big Apple Sports Classic,2025-11-09,Community Programming,One-off,Jeeter,External,0,true,0,false,no_budget_linked,false,,,,,,0,800,800+,2025-11-09,,,,0.0,2026-09-04 16:04:02.844652
reclihY66Y7FIhteG-0,reclihY66Y7FIhteG,Tray Tables Up Nov 14 tentative,2025-11-14,TTA Brand Event,Tray Tables Up,"",External,0,true,0,false,has_cost,true,,161.85,161.85,,161.85,1,,,2025-11-14,161.85,161.85,161.85,0.0,2026-09-04 16:04:02.844652
recMHLeVkueWufPOs-4,recMHLeVkueWufPOs,Ghostface Killah Listening Party,2025-11-15,TTA Brand Event,One-off,"",External,4,false,4,false,has_cost,true,5175.93,,5175.93,,5175.93,0,,,2025-11-16,,5175.93,5175.93,0.0,2026-09-04 16:04:02.844652
recMHLeVkueWufPOs-2,recMHLeVkueWufPOs,Ghostface Killah Listening Party,2025-11-15,TTA Brand Event,One-off,"",External,2,false,4,false,has_cost,true,5175.93,,5175.93,,5175.93,0,,,2025-11-16,,5175.93,5175.93,0.0,2026-09-04 16:04:02.844652
recMHLeVkueWufPOs-3,recMHLeVkueWufPOs,Ghostface Killah Listening Party,2025-11-15,TTA Brand Event,One-off,"",External,3,false,4,false,has_cost,true,5175.93,,5175.93,,5175.93,0,,,2025-11-16,,5175.93,5175.93,0.0,2026-09-04 16:04:02.844652
recMHLeVkueWufPOs-1,recMHLeVkueWufPOs,Ghostface Killah Listening Party,2025-11-15,TTA Brand Event,One-off,"",External,1,false,4,false,has_cost,true,5175.93,,5175.93,,5175.93,0,,,2025-11-16,,5175.93,5175.93,0.0,2026-09-04 16:04:02.844652
recbAcS5TTcrEckyH-0,recbAcS5TTcrEckyH,"BAM: Hanif Abduraqib’s I Guess it was my Destiny to Live (Nov 18—Nov 21, 2025)",2025-11-20,TTA Brand Event,One-off,"",External,0,true,0,false,has_cost,true,375.62,13333.33,13708.95,,13708.95,2,,,2025-11-21,13333.33,13708.95,13708.95,0.0,2026-09-04 16:04:02.844652
recMtYNqnZvYMLZ8s-0,recMtYNqnZvYMLZ8s,Tray Tables Up Nov 21 tentative,2025-11-21,TTA Brand Event,Tray Tables Up,"",External,0,true,0,false,has_cost,true,,161.85,161.85,,161.85,1,,,2025-11-21,161.85,161.85,161.85,0.0,2026-09-04 16:04:02.844652
reciVB9L0IyzmQuvW-3,reciVB9L0IyzmQuvW,Veterans Day Panel (Heros & Healing),2025-11-22,In-Store Activation,One-off,Spacebuds,Internal,3,false,1,true,has_cost,true,7525.01,,7525.01,,7525.01,0,,,2025-11-22,,7525.01,7525.01,0.0,2026-09-04 16:04:02.844652
recuxmTXk7nkD6o6i-0,recuxmTXk7nkD6o6i,Tray Tables Up Dec 5,2025-12-05,TTA Brand Event,Tray Tables Up,"",External,0,true,0,false,has_cost,true,3800.42,,3800.42,,3800.42,0,,,2025-12-05,,3800.42,3800.42,0.0,2026-09-04 16:04:02.844652
rec88Tq9o6CU5eVeD-3,rec88Tq9o6CU5eVeD,High for Holidays: cookie butter popcorn,2025-12-06,In-Store Activation,One-off,Butter,Internal,3,false,1,true,has_cost,true,352.86,,352.86,,352.86,0,,,2025-12-06,,352.86,352.86,0.0,2026-09-04 16:04:02.844652
recD3OmTHkDkPGVPC-0,recD3OmTHkDkPGVPC,"BAM Member Bash December 9, 2025",2025-12-09,TTA Brand Event,One-off,"",External,0,true,0,false,has_cost,true,,13333.33,13333.33,,13333.33,2,,,2025-12-10,13333.33,13333.33,13333.33,0.0,2026-09-04 16:04:02.844652
recqB1BxmDeOwbKkn-0,recqB1BxmDeOwbKkn,Center for Fiction: Annual Awards Benefit,2025-12-09,TTA Brand Event,One-off,"",External,0,true,0,false,has_cost,true,15000.0,,15000.0,,15000.0,0,200,200,2025-12-10,,15000.0,15000.0,0.0,2026-09-04 16:04:02.844652
recL0tCH3QUPx3ymu-2,recL0tCH3QUPx3ymu,High for Holidays: spacepoppers demo,2025-12-11,In-Store Activation,One-off,Spacebuds,Internal,2,false,1,true,no_budget_linked,false,,,,,,0,,,2025-12-11,,,,0.0,2026-09-04 16:04:02.844652
recMF5TL2kfCL7lbp-0,recMF5TL2kfCL7lbp,Tray Tables Up Dec 15,2025-12-15,TTA Brand Event,Tray Tables Up,"",External,0,true,0,false,has_cost,true,300.42,,300.42,,300.42,0,,,2025-12-16,,300.42,300.42,0.0,2026-09-04 16:04:02.844652
recrwXGvBFuGAgRj5-3,recrwXGvBFuGAgRj5,Artist Events: Andy Frasco (@andyfrasco) - Dec 30,2025-12-30,In-Store Activation,One-off,"",Internal,3,false,1,true,has_cost,true,10098.79,,10098.79,,10098.79,0,,,2025-12-30,,10098.79,10098.79,0.0,2026-09-04 16:04:02.844652
rec8nf1uJZyGqgUfy-3,rec8nf1uJZyGqgUfy,Cali Sober Sips 2026: SoHo,2026-01-15,In-Store Activation,Cali Sober Sips,High Peaks,Internal,3,false,1,true,has_cost,true,2643.93,4659.84,7303.77,2236.59,5067.18,7,,,2026-01-15,4659.84,7303.77,5067.18,0.0,2026-09-04 16:04:02.844652
recPsqc8N5wmOQBbP-0,recPsqc8N5wmOQBbP,"BAM: What to Wear (Jan 15—Jan 16, 2026)",2026-01-15,TTA Brand Event,One-off,"",External,0,true,0,false,has_cost,true,,13333.33,13333.33,,13333.33,2,,,2026-01-16,13333.33,13333.33,13333.33,0.0,2026-09-04 16:04:02.844652
recnqtWSDNFE0Z6SK-1,recnqtWSDNFE0Z6SK,Cali Sober Sips 2026: DTBK,2026-01-22,In-Store Activation,Cali Sober Sips,Beboe,Internal,1,false,1,true,has_cost,true,,4659.84,4659.84,,4659.84,7,,,2026-01-22,4659.84,4659.84,4659.84,0.0,2026-09-04 16:04:02.844652
reckRR2AQqTLEzwz6-2,reckRR2AQqTLEzwz6,Cali Sober Sips 2026: Fifth,2026-01-29,In-Store Activation,Cali Sober Sips,Edie Parker,Internal,2,false,1,true,has_cost,true,,4659.84,4659.84,,4659.84,7,,,2026-01-29,4659.84,4659.84,4659.84,0.0,2026-09-04 16:04:02.844652
rec1SRDAAupYcMCBL-0,rec1SRDAAupYcMCBL,TRAY TABLES UP w. Nicole Johnson,2026-02-11,TTA Brand Event,Tray Tables Up,Camino,External,0,true,0,false,has_cost,true,296.62,1884.95,2181.57,,2181.57,2,10,10 max,2026-02-11,1884.95,2181.57,2181.57,0.0,2026-09-04 16:04:02.844652
recOhzVESxUzNem1I-0,recOhzVESxUzNem1I,TRAY TABLES UP w. Victoria Garcia,2026-02-21,TTA Brand Event,Tray Tables Up,"",External,0,true,0,false,has_cost,true,271.31,1884.95,2156.26,,2156.26,2,4,4,2026-02-21,1884.95,2156.26,2156.26,0.0,2026-09-04 16:04:02.844652
rec4CGN5QCbMyXve0-0,rec4CGN5QCbMyXve0,Cannabis In Black NY Launch,2026-02-26,Community Programming,One-off,"",External,0,true,0,false,has_cost,true,2000.0,,2000.0,,2000.0,0,500,500+,2026-02-26,,2000.0,2000.0,0.0,2026-09-04 16:04:02.844652
reclQspgI80dMFoDv-0,reclQspgI80dMFoDv,"TRAY TABLES UP w. PureWow & PopSugar  Deena Campbell, Pure Wow +  Jessica Andrews, PopSugar",2026-03-04,TTA Brand Event,Tray Tables Up,"",External,0,true,0,false,has_cost,true,712.9,1882.5,2595.4,,2595.4,2,,,2026-03-04,1882.5,2595.4,2595.4,0.0,2026-09-04 16:04:02.844652
recHaSnlYt26prtWN-0,recHaSnlYt26prtWN,UCBLK x TTA,2026-03-08,Community Programming,One-off,"",External,0,true,0,false,no_budget_linked,false,,,,,,0,100,100,2026-03-08,,,,0.0,2026-09-04 16:04:02.844652
recV7MHk1xutBpRqN-3,recV7MHk1xutBpRqN,Buds on the Move: Spring Equinox Walk (ft. FLAMER),2026-03-21,Community Programming,One-off,Flamer,Internal,3,false,1,true,no_budget_linked,false,,,,,,0,,,2026-03-21,,,,0.0,2026-09-04 16:04:02.844652
recs6sOQCnaUCEhl0-3,recs6sOQCnaUCEhl0,Open Book Club x TTA (Read & Unwind),2026-03-23,In-Store Activation,Open Book Club,"Florette,Wyld - GoodTyde",Internal,3,false,1,true,has_cost,true,10184.49,,10184.49,3000.0,7184.49,0,,,2026-03-23,,10184.49,7184.49,0.0,2026-09-04 16:04:02.844652
rec8f1StOJK74jV4d-0,rec8f1StOJK74jV4d,TRAY TABLES UP w. Kayla Greaves,2026-03-26,TTA Brand Event,Tray Tables Up,"",External,0,true,0,false,has_cost,true,,1882.5,1882.5,,1882.5,2,,,2026-03-26,1882.5,1882.5,1882.5,0.0,2026-09-04 16:04:02.844652
receAmSQRKjmd7lO4-0,receAmSQRKjmd7lO4,Fundraising Gala at The Co-op School,2026-03-28,Untyped,One-off,"",External,0,true,0,false,no_budget_linked,false,,,,,,0,300,300 families ,2026-03-28,,,,0.0,2026-09-04 16:04:02.844652
recfDudE3k772TBZn-1,recfDudE3k772TBZn,Community Plant Sale,2026-03-29,TTA Brand Event,One-off,"",Internal,1,false,1,true,has_cost,true,1301.41,,1301.41,,1301.41,0,,,2026-03-29,,1301.41,1301.41,0.0,2026-09-04 16:04:02.844652
recxaUYVE3lV3iIId-3,recxaUYVE3lV3iIId,420: Friday Secret Drop April 3,2026-04-03,In-Store Activation,One-off,"",Internal,3,false,4,false,has_cost,true,720.6,,720.6,,720.6,0,,,2026-04-03,,720.6,720.6,0.0,2026-09-04 16:04:02.844652
recxaUYVE3lV3iIId-2,recxaUYVE3lV3iIId,420: Friday Secret Drop April 3,2026-04-03,In-Store Activation,One-off,"",Internal,2,false,4,false,has_cost,true,720.6,,720.6,,720.6,0,,,2026-04-03,,720.6,720.6,0.0,2026-09-04 16:04:02.844652
recxaUYVE3lV3iIId-1,recxaUYVE3lV3iIId,420: Friday Secret Drop April 3,2026-04-03,In-Store Activation,One-off,"",Internal,1,false,4,false,has_cost,true,720.6,,720.6,,720.6,0,,,2026-04-03,,720.6,720.6,0.0,2026-09-04 16:04:02.844652
recxaUYVE3lV3iIId-4,recxaUYVE3lV3iIId,420: Friday Secret Drop April 3,2026-04-03,In-Store Activation,One-off,"",Internal,4,false,4,false,has_cost,true,720.6,,720.6,,720.6,0,,,2026-04-03,,720.6,720.6,0.0,2026-09-04 16:04:02.844652
rechXproXwfYrGr7I-3,rechXproXwfYrGr7I,420: Friday Secret Drop April 10,2026-04-10,In-Store Activation,One-off,"",Internal,3,false,4,false,has_cost,true,768.54,,768.54,,768.54,0,,,2026-04-10,,768.54,768.54,0.0,2026-09-04 16:04:02.844652
rechXproXwfYrGr7I-2,rechXproXwfYrGr7I,420: Friday Secret Drop April 10,2026-04-10,In-Store Activation,One-off,"",Internal,2,false,4,false,has_cost,true,768.54,,768.54,,768.54,0,,,2026-04-10,,768.54,768.54,0.0,2026-09-04 16:04:02.844652
rechXproXwfYrGr7I-1,rechXproXwfYrGr7I,420: Friday Secret Drop April 10,2026-04-10,In-Store Activation,One-off,"",Internal,1,false,4,false,has_cost,true,768.54,,768.54,,768.54,0,,,2026-04-10,,768.54,768.54,0.0,2026-09-04 16:04:02.844652
rechXproXwfYrGr7I-4,rechXproXwfYrGr7I,420: Friday Secret Drop April 10,2026-04-10,In-Store Activation,One-off,"",Internal,4,false,4,false,has_cost,true,768.54,,768.54,,768.54,0,,,2026-04-10,,768.54,768.54,0.0,2026-09-04 16:04:02.844652
recVbAcyc7HJPBjZ1-0,recVbAcyc7HJPBjZ1,420 2026 Zippo VIP Dinner,2026-04-13,TTA Brand Event,One-off,"",External,0,true,0,false,has_cost,true,10460.07,,10460.07,,10460.07,0,,,2026-04-13,,10460.07,10460.07,0.0,2026-09-04 16:04:02.844652
recsiHeeJuunngT3I-3,recsiHeeJuunngT3I,420 2026 OnlyNY Launch Party,2026-04-16,In-Store Activation,One-off,"Select,Grassroots",Internal,3,false,1,true,has_cost,true,10368.97,,10368.97,,10368.97,0,,,2026-04-16,,10368.97,10368.97,0.0,2026-09-04 16:04:02.844652
rec5NBOyYmVeUrtpp-3,rec5NBOyYmVeUrtpp,420: Friday Secret Drop April 17,2026-04-17,In-Store Activation,One-off,"",Internal,3,false,4,false,has_cost,true,1333.84,,1333.84,,1333.84,0,,,2026-04-17,,1333.84,1333.84,0.0,2026-09-04 16:04:02.844652
rec5NBOyYmVeUrtpp-2,rec5NBOyYmVeUrtpp,420: Friday Secret Drop April 17,2026-04-17,In-Store Activation,One-off,"",Internal,2,false,4,false,has_cost,true,1333.84,,1333.84,,1333.84,0,,,2026-04-17,,1333.84,1333.84,0.0,2026-09-04 16:04:02.844652
rec5NBOyYmVeUrtpp-1,rec5NBOyYmVeUrtpp,420: Friday Secret Drop April 17,2026-04-17,In-Store Activation,One-off,"",Internal,1,false,4,false,has_cost,true,1333.84,,1333.84,,1333.84,0,,,2026-04-17,,1333.84,1333.84,0.0,2026-09-04 16:04:02.844652
rec5NBOyYmVeUrtpp-4,rec5NBOyYmVeUrtpp,420: Friday Secret Drop April 17,2026-04-17,In-Store Activation,One-off,"",Internal,4,false,4,false,has_cost,true,1333.84,,1333.84,,1333.84,0,,,2026-04-17,,1333.84,1333.84,0.0,2026-09-04 16:04:02.844652
rec4nCx4ZUMtPH4Ok-1,rec4nCx4ZUMtPH4Ok,420: Legacy Vinyl Airwaves,2026-04-17,Community Programming,Airwaves,"","",1,false,1,true,no_budget_linked,false,,,,,,0,,,2026-04-17,,,,0.0,2026-09-04 16:04:02.844652
recV7wybqSR7P4P54-3,recV7wybqSR7P4P54,420 2026 Food Drops & DJ April 19,2026-04-19,In-Store Activation,One-off,"",Internal,3,false,4,false,has_cost,true,386.18,,386.18,,386.18,0,,,2026-04-19,,386.18,386.18,0.0,2026-09-04 16:04:02.844652
recV7wybqSR7P4P54-4,recV7wybqSR7P4P54,420 2026 Food Drops & DJ April 19,2026-04-19,In-Store Activation,One-off,"",Internal,4,false,4,false,has_cost,true,386.18,,386.18,,386.18,0,,,2026-04-19,,386.18,386.18,0.0,2026-09-04 16:04:02.844652
recV7wybqSR7P4P54-1,recV7wybqSR7P4P54,420 2026 Food Drops & DJ April 19,2026-04-19,In-Store Activation,One-off,"",Internal,1,false,4,false,has_cost,true,386.18,,386.18,,386.18,0,,,2026-04-19,,386.18,386.18,0.0,2026-09-04 16:04:02.844652
recV7wybqSR7P4P54-2,recV7wybqSR7P4P54,420 2026 Food Drops & DJ April 19,2026-04-19,In-Store Activation,One-off,"",Internal,2,false,4,false,has_cost,true,386.18,,386.18,,386.18,0,,,2026-04-19,,386.18,386.18,0.0,2026-09-04 16:04:02.844652
rec8Yad2wGFIU7pPp-3,rec8Yad2wGFIU7pPp,420 2026 Food Drops & DJ April 20,2026-04-20,In-Store Activation,One-off,"Select,Grassroots",Internal,3,false,4,false,no_budget_linked,false,,,,,,0,,,2026-04-20,,,,0.0,2026-09-04 16:04:02.844652
rec8Yad2wGFIU7pPp-4,rec8Yad2wGFIU7pPp,420 2026 Food Drops & DJ April 20,2026-04-20,In-Store Activation,One-off,"Select,Grassroots",Internal,4,false,4,false,no_budget_linked,false,,,,,,0,,,2026-04-20,,,,0.0,2026-09-04 16:04:02.844652
rec8Yad2wGFIU7pPp-1,rec8Yad2wGFIU7pPp,420 2026 Food Drops & DJ April 20,2026-04-20,In-Store Activation,One-off,"Select,Grassroots",Internal,1,false,4,false,no_budget_linked,false,,,,,,0,,,2026-04-20,,,,0.0,2026-09-04 16:04:02.844652
rec8Yad2wGFIU7pPp-2,rec8Yad2wGFIU7pPp,420 2026 Food Drops & DJ April 20,2026-04-20,In-Store Activation,One-off,"Select,Grassroots",Internal,2,false,4,false,no_budget_linked,false,,,,,,0,,,2026-04-20,,,,0.0,2026-09-04 16:04:02.844652
recJhYPNJjh7B22ha-3,recJhYPNJjh7B22ha,420: Friday Secret Drop April 24,2026-04-24,In-Store Activation,One-off,"",Internal,3,false,4,false,has_cost,true,1296.63,,1296.63,,1296.63,0,,,2026-04-24,,1296.63,1296.63,0.0,2026-09-04 16:04:02.844652
recJhYPNJjh7B22ha-2,recJhYPNJjh7B22ha,420: Friday Secret Drop April 24,2026-04-24,In-Store Activation,One-off,"",Internal,2,false,4,false,has_cost,true,1296.63,,1296.63,,1296.63,0,,,2026-04-24,,1296.63,1296.63,0.0,2026-09-04 16:04:02.844652
recJhYPNJjh7B22ha-1,recJhYPNJjh7B22ha,420: Friday Secret Drop April 24,2026-04-24,In-Store Activation,One-off,"",Internal,1,false,4,false,has_cost,true,1296.63,,1296.63,,1296.63,0,,,2026-04-24,,1296.63,1296.63,0.0,2026-09-04 16:04:02.844652
recJhYPNJjh7B22ha-4,recJhYPNJjh7B22ha,420: Friday Secret Drop April 24,2026-04-24,In-Store Activation,One-off,"",Internal,4,false,4,false,has_cost,true,1296.63,,1296.63,,1296.63,0,,,2026-04-24,,1296.63,1296.63,0.0,2026-09-04 16:04:02.844652
rec7XqKhVg9j1yC4G-3,rec7XqKhVg9j1yC4G,Soho Store Anniversary w Classic Photo Booth Launch!,2026-05-07,TTA Brand Event,One-off,"","",3,false,1,true,no_budget_linked,false,,,,,,0,,,2026-05-07,,,,0.0,2026-09-04 16:04:02.844652
recy7B8VKuLW3ODuf-4,recy7B8VKuLW3ODuf,Cause Medic Mothers Day Event,2026-05-09,In-Store Activation,One-off,Cause Medic,"",4,false,4,false,has_cost,true,586.34,973.75,1560.09,,1560.09,1,,,2026-05-09,973.75,1560.09,1560.09,0.0,2026-09-04 16:04:02.844652
recy7B8VKuLW3ODuf-1,recy7B8VKuLW3ODuf,Cause Medic Mothers Day Event,2026-05-09,In-Store Activation,One-off,Cause Medic,"",1,false,4,false,has_cost,true,586.34,973.75,1560.09,,1560.09,1,,,2026-05-09,973.75,1560.09,1560.09,0.0,2026-09-04 16:04:02.844652
recy7B8VKuLW3ODuf-2,recy7B8VKuLW3ODuf,Cause Medic Mothers Day Event,2026-05-09,In-Store Activation,One-off,Cause Medic,"",2,false,4,false,has_cost,true,586.34,973.75,1560.09,,1560.09,1,,,2026-05-09,973.75,1560.09,1560.09,0.0,2026-09-04 16:04:02.844652
recy7B8VKuLW3ODuf-3,recy7B8VKuLW3ODuf,Cause Medic Mothers Day Event,2026-05-09,In-Store Activation,One-off,Cause Medic,"",3,false,4,false,has_cost,true,586.34,973.75,1560.09,,1560.09,1,,,2026-05-09,973.75,1560.09,1560.09,0.0,2026-09-04 16:04:02.844652
recCbEvHLtwazMot4-0,recCbEvHLtwazMot4,TRAY TABLES UP w. Adeola Ajala,2026-05-14,TTA Brand Event,Tray Tables Up,"",External,0,true,0,false,has_cost,true,484.49,1166.6666666666667,1651.1566666666668,,1651.1566666666668,1,,,2026-05-14,875.0,1359.49,1359.49,291.66666666666674,2026-09-04 16:04:02.844652
recU2BrxQxrMX9ctB-0,recU2BrxQxrMX9ctB,Open Book Club x TTA: A Night  — Anais Wine Bar,2026-05-18,Community Programming,Open Book Club,"Florette,Wyld - GoodTyde",External,0,true,0,false,has_cost,true,8500.0,,8500.0,8500.0,0.0,0,,,2026-05-18,,8500.0,0.0,0.0,2026-09-04 16:04:02.844652
recaUQOjEHeO4DGWc-0,recaUQOjEHeO4DGWc,TRAY TABLES UP w. Robert (@robertcadizs),2026-05-21,TTA Brand Event,Tray Tables Up,"",External,0,true,0,false,has_cost,true,299.61,1166.6666666666667,1466.2766666666666,,1466.2766666666666,1,,,2026-05-21,875.0,1174.61,1174.61,291.66666666666674,2026-09-04 16:04:02.844652
recScwCVfuFMlodZI-3,recScwCVfuFMlodZI,Bumping Uglies (Soho Music Event),2026-05-29,In-Store Activation,One-off,"",Internal,3,false,1,true,has_cost,true,5903.15,6200.003333333334,12103.153333333334,,12103.153333333334,1,,,2026-05-29,2066.67,7969.82,7969.82,4133.333333333334,2026-09-04 16:04:02.844652
recLNneenxPk9zy0m-0,recLNneenxPk9zy0m,NEW FEST: Partnership,2026-05-29,TTA Brand Event,One-off,"",External,0,true,0,false,has_cost,true,7500.0,,7500.0,,7500.0,0,,,2026-05-29,,7500.0,7500.0,0.0,2026-09-04 16:04:02.844652
recdiMy4taLzbRKdG-4,recdiMy4taLzbRKdG,Pride Month & Theater (Tony Awards) (June 2026),2026-06-01,Untyped,One-off,"","",4,false,4,false,no_budget_linked,false,,,,,,0,,,2026-06-01,,,,0.0,2026-09-04 16:04:02.844652
recdiMy4taLzbRKdG-1,recdiMy4taLzbRKdG,Pride Month & Theater (Tony Awards) (June 2026),2026-06-01,Untyped,One-off,"","",1,false,4,false,no_budget_linked,false,,,,,,0,,,2026-06-01,,,,0.0,2026-09-04 16:04:02.844652
recdiMy4taLzbRKdG-2,recdiMy4taLzbRKdG,Pride Month & Theater (Tony Awards) (June 2026),2026-06-01,Untyped,One-off,"","",2,false,4,false,no_budget_linked,false,,,,,,0,,,2026-06-01,,,,0.0,2026-09-04 16:04:02.844652
recdiMy4taLzbRKdG-3,recdiMy4taLzbRKdG,Pride Month & Theater (Tony Awards) (June 2026),2026-06-01,Untyped,One-off,"","",3,false,4,false,no_budget_linked,false,,,,,,0,,,2026-06-01,,,,0.0,2026-09-04 16:04:02.844652
rec9GrAopXRJzgrJx-0,rec9GrAopXRJzgrJx,"TTU: Ashish Agarwal, parents night",2026-06-01,Untyped,Tray Tables Up,"","",0,true,0,false,no_budget_linked,false,,,,,,0,,,2026-06-01,,,,0.0,2026-09-04 16:04:02.844652
recIrc14TffeUmOWm-0,recIrc14TffeUmOWm,Chef Dinner (timeless brand partner loyalty),2026-06-04,Loyalty,One-off,Timeless,External,0,true,0,false,has_cost,true,13042.78,973.75,14016.53,,14016.53,1,,,2026-06-04,973.75,14016.53,14016.53,0.0,2026-09-04 16:04:02.844652
recgql6Uma1yHHjnl-0,recgql6Uma1yHHjnl,TTU: Kelsey Armstrong (haricotvert),2026-06-05,TTA Brand Event,Tray Tables Up,"",External,0,true,0,false,has_cost,true,298.83,1998.35,2297.18,,2297.18,2,,,2026-06-05,1998.35,2297.18,2297.18,0.0,2026-09-04 16:04:02.844652
recu0xO14SeSsp1cR-0,recu0xO14SeSsp1cR,Bright Eyes Show Tabling (Contest Prize),2026-06-06,Loyalty,One-off,Woodstock,External,0,true,0,false,has_cost,true,334.03,,334.03,,334.03,0,,,2026-06-06,,334.03,334.03,0.0,2026-09-04 16:04:02.844652
recLAhPEgXxLfzRxm-2,recLAhPEgXxLfzRxm,"High Notes Live #1 — Fifth Ave",2026-06-08,In-Store Activation,High Notes Live,"The Bettering Co,Drew Martin,Flamer,Silly Nice",Internal,2,false,1,true,has_cost,true,5913.85,322.0,6235.85,,6235.85,1,,,2026-06-08,322.0,6235.85,6235.85,0.0,2026-09-04 16:04:02.844652
rec4UnmFPV0CoDKGs-0,rec4UnmFPV0CoDKGs,"TRAY TABLES UP w. Litclub Founder, Kelly",2026-06-08,TTA Brand Event,Tray Tables Up,"",External,0,true,0,false,has_cost,true,322.51,1998.35,2320.86,,2320.86,2,,,2026-06-08,1998.35,2320.86,2320.86,0.0,2026-09-04 16:04:02.844652
recpyKrjPkW6Xmlbd-3,recpyKrjPkW6Xmlbd,Airwaves Roots of Black Music Residency (Night 1),2026-06-16,In-Store Activation,Airwaves,"","",3,false,1,true,has_cost,true,1200.0,720.38,1920.38,,1920.38,1,,,2026-06-16,720.38,1920.38,1920.38,0.0,2026-09-04 16:04:02.844652
recsN6GBuFphqCzAc-2,recsN6GBuFphqCzAc,FILMING INSTORE: Ethan Zohn x Fernway - High Times,2026-06-16,In-Store Activation,One-off,Fernway,"",2,false,1,true,no_budget_linked,false,,,,,,0,,,2026-06-16,,,,0.0,2026-09-04 16:04:02.844652
rectU9hPK9ZmGqsCg-0,rectU9hPK9ZmGqsCg,The Wing Coworking 2026 Reunion Sponsorship,2026-06-16,Community Programming,One-off,Harney Brothers,"",0,true,0,false,no_budget_linked,false,,,,,,0,50,50,2026-06-16,,,,0.0,2026-09-04 16:04:02.844652
reccx65sj3GsFOzzb-3,reccx65sj3GsFOzzb,Airwaves Roots of Black Music Residency Night 2,2026-06-17,In-Store Activation,Airwaves,"","",3,false,1,true,has_cost,true,,720.38,720.38,,720.38,1,,,2026-06-17,720.38,720.38,720.38,0.0,2026-09-04 16:04:02.844652
reccQj822A8rnLwZQ-3,reccQj822A8rnLwZQ,Buds on the Move x TTA x Florette: Summer Welcome Walk,2026-06-17,Community Programming,One-off,Florette,"",3,false,1,true,no_budget_linked,false,,,,,,0,,,2026-06-17,,,,0.0,2026-09-04 16:04:02.844652
recnBx28RxmY4HIUw-3,recnBx28RxmY4HIUw,Airwaves Roots of Black Music Residency Night 3,2026-06-18,In-Store Activation,Airwaves,"","",3,false,1,true,has_cost,true,,720.38,720.38,,720.38,1,,,2026-06-18,720.38,720.38,720.38,0.0,2026-09-04 16:04:02.844652
recnXFqDQaITFGs7A-3,recnXFqDQaITFGs7A,Airwaves Roots of Black Music Residency Night 4,2026-06-19,In-Store Activation,Airwaves,"","",3,false,1,true,has_cost,true,900.0,,900.0,,900.0,0,,,2026-06-19,,900.0,900.0,0.0,2026-09-04 16:04:02.844652
recyQPzhH9x4yIMdl-3,recyQPzhH9x4yIMdl,Airwaves Roots of Black Music Residency Night 5,2026-06-20,In-Store Activation,Airwaves,"","",3,false,1,true,has_cost,true,,720.38,720.38,,720.38,1,,,2026-06-20,720.38,720.38,720.38,0.0,2026-09-04 16:04:02.844652
recIkbdQPuvzqkeZr-3,recIkbdQPuvzqkeZr,Airwaves Roots of Black Music Residency Night 6,2026-06-21,In-Store Activation,Airwaves,"","",3,false,1,true,has_cost,true,600.0,,600.0,,600.0,0,,,2026-06-21,,600.0,600.0,0.0,2026-09-04 16:04:02.844652
recsMEUtoqhy1kIZ1-3,recsMEUtoqhy1kIZ1,In-Store PRE-STONED PRIDE,2026-06-25,In-Store Activation,One-off,Flamer,Internal,3,false,1,true,has_cost,true,8.66,1029.15,1037.81,,1037.81,1,75,75,2026-06-25,1029.15,1037.81,1037.81,0.0,2026-09-04 16:04:02.844652
recsURNARuuWi6suJ-3,recsURNARuuWi6suJ,Clear for Takeoff Returns with Whitfit (soho),2026-06-27,In-Store Activation,Clear for Takeoff,Camino,"",3,false,1,true,has_cost,true,2597.35,168.15,2765.49,,2765.49,1,,,2026-06-27,168.15,2765.49,2765.49,0.0,2026-09-04 16:04:02.844652
recm4VFxiEXCuPE5q-4,recm4VFxiEXCuPE5q,"High Notes Live #2 — USQ",2026-06-29,In-Store Activation,High Notes Live,"The Bettering Co,Drew Martin,Flamer,Silly Nice",Internal,4,false,1,true,has_cost,true,4548.2,168.15,4716.35,,4716.35,1,,,2026-06-29,168.15,4716.35,4716.35,0.0,2026-09-04 16:04:02.844652
reccMDP937UIuhcUq-0,reccMDP937UIuhcUq,Jay-Z Uptown: A Listening Party,2026-07-09,Community Programming,One-off,"","",0,true,0,false,no_budget_linked,false,,,,,,0,50,50-75,2026-07-09,,,,0.0,2026-09-04 16:04:02.844652
recSYWDQDsp37oRcg-0,recSYWDQDsp37oRcg,TRAY TABLES UP w. Ceronne Mitchell CONFIRMED,2026-07-10,TTA Brand Event,Tray Tables Up,"",External,0,true,0,false,has_cost,true,,173.53,173.53,,173.53,1,,,2026-07-10,173.53,173.53,173.53,0.0,2026-09-04 16:04:02.844652
reca8PBOeDhdnTcUX-0,reca8PBOeDhdnTcUX,TRAY TABLES UP w. Cedoni CONFIRMED,2026-07-17,TTA Brand Event,Tray Tables Up,"",External,0,true,0,false,has_cost,true,282.15,173.53,455.68,,455.68,1,,,2026-07-17,173.53,455.68,455.68,0.0,2026-09-04 16:04:02.844652
recAJCC1aNkV4AjnF-0,recAJCC1aNkV4AjnF,Open Book Club x TTA: Dinner — Confirmed,2026-07-28,Community Programming,Open Book Club,"",External,0,true,0,false,has_cost,true,4500.0,,4500.0,3000.0,1500.0,0,30,30,2026-07-28,,4500.0,1500.0,0.0,2026-09-04 16:04:02.844652
recWULOS6IHGM92WO-0,recWULOS6IHGM92WO,Art is Gay,2026-07-30,Community Programming,One-off,"","",0,true,0,false,has_cost,true,19.58,,19.58,,19.58,0,,,2026-07-30,,19.58,19.58,0.0,2026-09-04 16:04:02.844652
recy2T4UBWB1djLTi-0,recy2T4UBWB1djLTi,'About To Bust' Summer Comedy Festial,2026-08-01,Community Programming,One-off,"",External,0,true,0,false,has_cost,true,5212.63,,5212.63,,5212.63,0,1200,1200,2026-08-01,,5212.63,5212.63,0.0,2026-09-04 16:04:02.844652
recVirEtw6YBlcket-0,recVirEtw6YBlcket,Prospect Park Women's Softball League - Jaguars,2026-08-06,Community Programming,One-off,"","",0,true,0,false,has_cost,true,1543.8,,1543.8,,1543.8,0,280,"280+ league members plus hundreds of friends, family, and league alumni",2026-08-06,,1543.8,1543.8,0.0,2026-09-04 16:04:02.844652
recuibB8BLbE0ZBOd-3,recuibB8BLbE0ZBOd,Caviar + Classical VIP (soho) AUG (RUBY SPONSORED),2026-08-13,In-Store Activation,One-off,"","",3,false,1,true,has_cost,true,334.73,,334.73,,334.73,0,,,2026-08-13,,334.73,334.73,0.0,2026-09-04 16:04:02.844652
recvuhLzYqIWYKYOI-3,recvuhLzYqIWYKYOI,Clear for Takeoff Returns (soho) TENTATIVE AUG (RUBY SPONSORED),2026-08-15,In-Store Activation,Clear for Takeoff,"","",3,false,1,true,has_cost,true,600.0,,600.0,,600.0,0,,,2026-08-15,,600.0,600.0,0.0,2026-09-04 16:04:02.844652
recl9N4bJJT2Ugb8L-0,recl9N4bJJT2Ugb8L,TRAY TABLES UP w. Mandy Dhillon,2026-08-28,TTA Brand Event,Tray Tables Up,"",External,0,true,0,false,has_cost,true,,1750.0,1750.0,,1750.0,1,,,2026-08-28,1750.0,1750.0,1750.0,0.0,2026-09-04 16:04:02.844652
recKzhxFD8zHpsWWA-0,recKzhxFD8zHpsWWA,TRAY TABLES UP w. Lauren & Josh Thomas,2026-08-29,TTA Brand Event,Tray Tables Up,"",External,0,true,0,false,has_cost,true,,1750.0,1750.0,,1750.0,1,,,2026-08-29,1750.0,1750.0,1750.0,0.0,2026-09-04 16:04:02.844652
